start,end,inj_name
1723919596973,1723919598976,[HTTP]HTTPReadInjection(d2000-r1)
1723919601987,1723919603987,[HTTP]HTTPReadInjection(d2000-r1)
1723919609021,1723919611022,[HTTP]HTTPReadInjection(d2000-r1)
1723919627551,1723919629559,[HTTP]HTTPReadInjection(d2000-r1)
1723919640561,1723919642563,[HTTP]HTTPReadInjection(d2000-r1)
1723919651758,1723919653765,[HTTP]HTTPReadInjection(d2000-r1)
1723919659969,1723919661971,[HTTP]HTTPReadInjection(d2000-r1)
1723919670129,1723919672137,[HTTP]HTTPReadInjection(d2000-r1)
1723919692477,1723919694477,[HTTP]HTTPReadInjection(d2000-r1)
1723919694482,1723919696488,[HTTP]HTTPReadInjection(d2000-r1)
1723919700546,1723919702547,[HTTP]HTTPReadInjection(d2000-r1)
1723919721621,1723919723621,[HTTP]HTTPReadInjection(d2000-r1)
1723919734766,1723919736768,[HTTP]HTTPReadInjection(d2000-r1)
1723919772449,1723919774452,[HTTP]HTTPReadInjection(d2000-r1)
1723919779483,1723919781488,[HTTP]HTTPReadInjection(d2000-r1)
1723919791837,1723919793839,[HTTP]HTTPReadInjection(d2000-r1)
1723919831277,1723919833278,[HTTP]HTTPReadInjection(d2000-r1)
1723919846475,1723919848475,[HTTP]HTTPReadInjection(d2000-r1)
1723919870829,1723919872831,[HTTP]HTTPReadInjection(d2000-r1)
1723919875916,1723919877916,[HTTP]HTTPReadInjection(d2000-r1)
1723919885947,1723919887947,[HTTP]HTTPReadInjection(d2000-r1)
1723919894005,1723919896011,[HTTP]HTTPReadInjection(d2000-r1)
1723919902034,1723919904034,[HTTP]HTTPReadInjection(d2000-r1)
1723919927596,1723919929597,[HTTP]HTTPReadInjection(d2000-r1)
1723919933605,1723919935606,[HTTP]HTTPReadInjection(d2000-r1)
1723919945713,1723919947719,[HTTP]HTTPReadInjection(d2000-r1)
1723919960879,1723919962880,[HTTP]HTTPReadInjection(d2000-r1)
1723919993347,1723919995350,[HTTP]HTTPReadInjection(d2000-r1)
1723920010646,1723920012651,[HTTP]HTTPReadInjection(d2000-r1)
1723920035796,1723920037798,[HTTP]HTTPReadInjection(d2000-r1)
1723920047958,1723920049965,[HTTP]HTTPReadInjection(d2000-r1)
1723920056002,1723920058007,[HTTP]HTTPReadInjection(d2000-r1)
1723920058013,1723920060021,[HTTP]HTTPReadInjection(d2000-r1)
1723920065048,1723920067050,[HTTP]HTTPReadInjection(d2000-r1)
1723920070061,1723920072062,[HTTP]HTTPReadInjection(d2000-r1)
1723920073069,1723920075071,[HTTP]HTTPReadInjection(d2000-r1)
1723920747800,1723920749801,[HTTP]HTTPReadInjection(d2000-r1)
1723920751877,1723920753878,[HTTP]HTTPReadInjection(d2000-r1)
1723920756885,1723920758887,[HTTP]HTTPReadInjection(d2000-r1)
1723920774111,1723920776112,[HTTP]HTTPReadInjection(d2000-r1)
1723920785217,1723920787217,[HTTP]HTTPReadInjection(d2000-r1)
1723920794235,1723920796236,[HTTP]HTTPReadInjection(d2000-r1)
1723920823331,1723920825331,[HTTP]HTTPReadInjection(d2000-r1)
1723920844531,1723920846532,[HTTP]HTTPReadInjection(d2000-r1)
1723920860683,1723920862684,[HTTP]HTTPReadInjection(d2000-r1)
1723920868726,1723920870728,[HTTP]HTTPReadInjection(d2000-r1)
1723920909254,1723920911255,[HTTP]HTTPReadInjection(d2000-r1)
1723920916268,1723920918268,[HTTP]HTTPReadInjection(d2000-r1)
1723920937241,1723920939242,[HTTP]HTTPReadInjection(d2000-r1)
1723920946263,1723920948263,[HTTP]HTTPReadInjection(d2000-r1)
1723920987570,1723920989572,[HTTP]HTTPReadInjection(d2000-r1)
1723920992673,1723920994674,[HTTP]HTTPReadInjection(d2000-r1)
1723921011915,1723921013916,[HTTP]HTTPReadInjection(d2000-r1)
1723921023039,1723921025040,[HTTP]HTTPReadInjection(d2000-r1)
1723921027047,1723921029048,[HTTP]HTTPReadInjection(d2000-r1)
1723921031067,1723921033068,[HTTP]HTTPReadInjection(d2000-r1)
1723921042192,1723921044192,[HTTP]HTTPReadInjection(d2000-r1)
1723921056319,1723921058320,[HTTP]HTTPReadInjection(d2000-r1)
1723921087680,1723921089680,[HTTP]HTTPReadInjection(d2000-r1)
1723921099874,1723921101875,[HTTP]HTTPReadInjection(d2000-r1)
1723921102878,1723921104879,[HTTP]HTTPReadInjection(d2000-r1)
1723921137619,1723921139620,[HTTP]HTTPReadInjection(d2000-r1)
1723921148727,1723921150728,[HTTP]HTTPReadInjection(d2000-r1)
1723921170942,1723921172942,[HTTP]HTTPReadInjection(d2000-r1)
1723921183127,1723921185128,[HTTP]HTTPReadInjection(d2000-r1)
1723921187142,1723921189144,[HTTP]HTTPReadInjection(d2000-r1)
1723921208235,1723921210236,[HTTP]HTTPReadInjection(d2000-r1)
1723921239337,1723921241338,[HTTP]HTTPReadInjection(d2000-r1)
1723919598979,1723919601064,[Disk_default]DiskStressInjection(d2000-nw10)
1723919618218,1723919620317,[Disk_default]DiskStressInjection(d2000-nw10)
1723919625480,1723919627559,[Disk_default]DiskStressInjection(d2000-nw10)
1723919631510,1723919633573,[Disk_default]DiskStressInjection(d2000-nw10)
1723919645572,1723919647667,[Disk_default]DiskStressInjection(d2000-nw10)
1723919653766,1723919655845,[Disk_default]DiskStressInjection(d2000-nw10)
1723919672153,1723919674250,[Disk_default]DiskStressInjection(d2000-nw10)
1723919684286,1723919686390,[Disk_default]DiskStressInjection(d2000-nw10)
1723919690481,1723919692591,[Disk_default]DiskStressInjection(d2000-nw10)
1723919712604,1723919714648,[Disk_default]DiskStressInjection(d2000-nw10)
1723919724628,1723919726703,[Disk_default]DiskStressInjection(d2000-nw10)
1723919738775,1723919740879,[Disk_default]DiskStressInjection(d2000-nw10)
1723919757288,1723919759374,[Disk_default]DiskStressInjection(d2000-nw10)
1723919776475,1723919778562,[Disk_default]DiskStressInjection(d2000-nw10)
1723919783666,1723919785737,[Disk_default]DiskStressInjection(d2000-nw10)
1723919803870,1723919805949,[Disk_default]DiskStressInjection(d2000-nw10)
1723919809962,1723919812053,[Disk_default]DiskStressInjection(d2000-nw10)
1723919813974,1723919816031,[Disk_default]DiskStressInjection(d2000-nw10)
1723919821061,1723919823120,[Disk_default]DiskStressInjection(d2000-nw10)
1723919836413,1723919838502,[Disk_default]DiskStressInjection(d2000-nw10)
1723919848483,1723919850561,[Disk_default]DiskStressInjection(d2000-nw10)
1723919855649,1723919857772,[Disk_default]DiskStressInjection(d2000-nw10)
1723919858653,1723919860721,[Disk_default]DiskStressInjection(d2000-nw10)
1723919863736,1723919865824,[Disk_default]DiskStressInjection(d2000-nw10)
1723919872842,1723919874923,[Disk_default]DiskStressInjection(d2000-nw10)
1723919882942,1723919885042,[Disk_default]DiskStressInjection(d2000-nw10)
1723919887952,1723919890030,[Disk_default]DiskStressInjection(d2000-nw10)
1723919925526,1723919927604,[Disk_default]DiskStressInjection(d2000-nw10)
1723919952745,1723919954847,[Disk_default]DiskStressInjection(d2000-nw10)
1723919955748,1723919957895,[Disk_default]DiskStressInjection(d2000-nw10)
1723919968123,1723919970196,[Disk_default]DiskStressInjection(d2000-nw10)
1723919983277,1723919985337,[Disk_default]DiskStressInjection(d2000-nw10)
1723919995353,1723919997445,[Disk_default]DiskStressInjection(d2000-nw10)
1723920000549,1723920002612,[Disk_default]DiskStressInjection(d2000-nw10)
1723920012658,1723920014789,[Disk_default]DiskStressInjection(d2000-nw10)
1723920027761,1723920029824,[Disk_default]DiskStressInjection(d2000-nw10)
1723920031777,1723920033844,[Disk_default]DiskStressInjection(d2000-nw10)
1723920051986,1723920054045,[Disk_default]DiskStressInjection(d2000-nw10)
1723920060027,1723920062113,[Disk_default]DiskStressInjection(d2000-nw10)
1723920085107,1723920087207,[Disk_default]DiskStressInjection(d2000-nw10)
1723920089308,1723920091383,[Disk_default]DiskStressInjection(d2000-nw10)
1723920099512,1723920737561,[Disk_default]DiskStressInjection(d2000-nw10)
1723920753880,1723920755893,[Disk_default]DiskStressInjection(d2000-nw10)
1723920779210,1723920781223,[Disk_default]DiskStressInjection(d2000-nw10)
1723920789222,1723920791235,[Disk_default]DiskStressInjection(d2000-nw10)
1723920802267,1723920804277,[Disk_default]DiskStressInjection(d2000-nw10)
1723920818326,1723920820338,[Disk_default]DiskStressInjection(d2000-nw10)
1723920846536,1723920848574,[Disk_default]DiskStressInjection(d2000-nw10)
1723920850568,1723920852612,[Disk_default]DiskStressInjection(d2000-nw10)
1723920866702,1723920868753,[Disk_default]DiskStressInjection(d2000-nw10)
1723920887854,1723920889977,[Disk_default]DiskStressInjection(d2000-nw10)
1723920904169,1723920906229,[Disk_default]DiskStressInjection(d2000-nw10)
1723920931264,1723920933385,[Disk_default]DiskStressInjection(d2000-nw10)
1723920954285,1723920956319,[Disk_default]DiskStressInjection(d2000-nw10)
1723920974452,1723920976481,[Disk_default]DiskStressInjection(d2000-nw10)
1723920985557,1723920987595,[Disk_default]DiskStressInjection(d2000-nw10)
1723921018948,1723921021050,[Disk_default]DiskStressInjection(d2000-nw10)
1723921029052,1723921031095,[Disk_default]DiskStressInjection(d2000-nw10)
1723921114970,1723921117001,[Disk_default]DiskStressInjection(d2000-nw10)
1723921140624,1723921142662,[Disk_default]DiskStressInjection(d2000-nw10)
1723921158850,1723921160870,[Disk_default]DiskStressInjection(d2000-nw10)
1723921162855,1723921164905,[Disk_default]DiskStressInjection(d2000-nw10)
1723921195167,1723921197190,[Disk_default]DiskStressInjection(d2000-nw10)
1723921201191,1723921203221,[Disk_default]DiskStressInjection(d2000-nw10)
1723921206217,1723921208239,[Disk_default]DiskStressInjection(d2000-nw10)
1723921212244,1723921214286,[Disk_default]DiskStressInjection(d2000-nw10)
1723921218258,1723921220301,[Disk_default]DiskStressInjection(d2000-nw10)
1723921230312,1723921232336,[Disk_default]DiskStressInjection(d2000-nw10)
1723919605996,1723919608017,[CPU_default]CPUStressInjection(d2000)
1723919635512,1723919637552,[CPU_default]CPUStressInjection(d2000)
1723919638542,1723919640573,[CPU_default]CPUStressInjection(d2000)
1723919642563,1723919644578,[CPU_default]CPUStressInjection(d2000)
1723919649729,1723919651761,[CPU_default]CPUStressInjection(d2000)
1723919661984,1723919664010,[CPU_default]CPUStressInjection(d2000)
1723919667114,1723919669136,[CPU_default]CPUStressInjection(d2000)
1723919674221,1723919676241,[CPU_default]CPUStressInjection(d2000)
1723919677243,1723919679269,[CPU_default]CPUStressInjection(d2000)
1723919688454,1723919690481,[CPU_default]CPUStressInjection(d2000)
1723919696497,1723919698531,[CPU_default]CPUStressInjection(d2000)
1723919709564,1723919711602,[CPU_default]CPUStressInjection(d2000)
1723919740842,1723919742872,[CPU_default]CPUStressInjection(d2000)
1723919753172,1723919755252,[CPU_default]CPUStressInjection(d2000)
1723919762368,1723919764388,[CPU_default]CPUStressInjection(d2000)
1723919767394,1723919769419,[CPU_default]CPUStressInjection(d2000)
1723919770426,1723919772465,[CPU_default]CPUStressInjection(d2000)
1723919774450,1723919776483,[CPU_default]CPUStressInjection(d2000)
1723919796850,1723919798874,[CPU_default]CPUStressInjection(d2000)
1723919805937,1723919807968,[CPU_default]CPUStressInjection(d2000)
1723919816017,1723919818040,[CPU_default]CPUStressInjection(d2000)
1723919853632,1723919855670,[CPU_default]CPUStressInjection(d2000)
1723919861712,1723919863736,[CPU_default]CPUStressInjection(d2000)
1723919877920,1723919879957,[CPU_default]CPUStressInjection(d2000)
1723919890013,1723919892041,[CPU_default]CPUStressInjection(d2000)
1723919896023,1723919898046,[CPU_default]CPUStressInjection(d2000)
1723919908187,1723919910221,[CPU_default]CPUStressInjection(d2000)
1723919911198,1723919913219,[CPU_default]CPUStressInjection(d2000)
1723919914225,1723919916295,[CPU_default]CPUStressInjection(d2000)
1723919929591,1723919931613,[CPU_default]CPUStressInjection(d2000)
1723919943686,1723919945727,[CPU_default]CPUStressInjection(d2000)
1723919950727,1723919952750,[CPU_default]CPUStressInjection(d2000)
1723919978237,1723919980271,[CPU_default]CPUStressInjection(d2000)
1723919981257,1723919983291,[CPU_default]CPUStressInjection(d2000)
1723919990334,1723919992354,[CPU_default]CPUStressInjection(d2000)
1723920004613,1723920006640,[CPU_default]CPUStressInjection(d2000)
1723920017708,1723920019741,[CPU_default]CPUStressInjection(d2000)
1723920020724,1723920022756,[CPU_default]CPUStressInjection(d2000)
1723920033778,1723920035812,[CPU_default]CPUStressInjection(d2000)
1723920038804,1723920040859,[CPU_default]CPUStressInjection(d2000)
1723920049964,1723920051994,[CPU_default]CPUStressInjection(d2000)
1723920053981,1723920056007,[CPU_default]CPUStressInjection(d2000)
1723920067056,1723920069070,[CPU_default]CPUStressInjection(d2000)
1723920092375,1723920094401,[CPU_default]CPUStressInjection(d2000)
1723920738608,1723920740707,[CPU_default]CPUStressInjection(d2000)
1723920741651,1723920743758,[CPU_default]CPUStressInjection(d2000)
1723920745790,1723920747815,[CPU_default]CPUStressInjection(d2000)
1723920761989,1723920764005,[CPU_default]CPUStressInjection(d2000)
1723920792228,1723920794245,[CPU_default]CPUStressInjection(d2000)
1723920807274,1723920809286,[CPU_default]CPUStressInjection(d2000)
1723920809293,1723920811303,[CPU_default]CPUStressInjection(d2000)
1723920812306,1723920814331,[CPU_default]CPUStressInjection(d2000)
1723920829341,1723920831354,[CPU_default]CPUStressInjection(d2000)
1723920852582,1723920854633,[CPU_default]CPUStressInjection(d2000)
1723920864690,1723920866712,[CPU_default]CPUStressInjection(d2000)
1723920871729,1723920873746,[CPU_default]CPUStressInjection(d2000)
1723920881833,1723920883850,[CPU_default]CPUStressInjection(d2000)
1723920884840,1723920886858,[CPU_default]CPUStressInjection(d2000)
1723920897969,1723920900014,[CPU_default]CPUStressInjection(d2000)
1723920943256,1723920945270,[CPU_default]CPUStressInjection(d2000)
1723920950272,1723920952289,[CPU_default]CPUStressInjection(d2000)
1723920956296,1723920958314,[CPU_default]CPUStressInjection(d2000)
1723920960311,1723920962336,[CPU_default]CPUStressInjection(d2000)
1723920964333,1723920966361,[CPU_default]CPUStressInjection(d2000)
1723920967350,1723920969365,[CPU_default]CPUStressInjection(d2000)
1723920994678,1723920996704,[CPU_default]CPUStressInjection(d2000)
1723921005792,1723921007806,[CPU_default]CPUStressInjection(d2000)
1723921014922,1723921016946,[CPU_default]CPUStressInjection(d2000)
1723921040182,1723921042203,[CPU_default]CPUStressInjection(d2000)
1723921047198,1723921049230,[CPU_default]CPUStressInjection(d2000)
1723921080640,1723921082655,[CPU_default]CPUStressInjection(d2000)
1723921085661,1723921087692,[CPU_default]CPUStressInjection(d2000)
1723921153737,1723921155754,[CPU_default]CPUStressInjection(d2000)
1723921185132,1723921187154,[CPU_default]CPUStressInjection(d2000)
1723921193149,1723921195168,[CPU_default]CPUStressInjection(d2000)
1723921203194,1723921205223,[CPU_default]CPUStressInjection(d2000)
1723921220272,1723921222299,[CPU_default]CPUStressInjection(d2000)
1723921223278,1723921225297,[CPU_default]CPUStressInjection(d2000)
1723921227295,1723921229320,[CPU_default]CPUStressInjection(d2000)
1723921232315,1723921234348,[CPU_default]CPUStressInjection(d2000)
1723919590803,1723919592810,[Memory_default]MemoryStressInjection(d2000-i1234567)
1723919592883,1723919594894,[Memory_default]MemoryStressInjection(d2000-i1234567)
1723919611028,1723919613102,[Memory_default]MemoryStressInjection(d2000-i1234567)
1723919620297,1723919622377,[Memory_default]MemoryStressInjection(d2000-i1234567)
1723919647651,1723919649665,[Memory_default]MemoryStressInjection(d2000-i1234567)
1723919657838,1723919659875,[Memory_default]MemoryStressInjection(d2000-i1234567)
1723919664997,1723919667032,[Memory_default]MemoryStressInjection(d2000-i1234567)
1723919686381,1723919688382,[Memory_default]MemoryStressInjection(d2000-i1234567)
1723919729638,1723919731660,[Memory_default]MemoryStressInjection(d2000-i1234567)
1723919745803,1723919747836,[Memory_default]MemoryStressInjection(d2000-i1234567)
1723919747925,1723919749941,[Memory_default]MemoryStressInjection(d2000-i1234567)
1723919750041,1723919752079,[Memory_default]MemoryStressInjection(d2000-i1234567)
1723919755189,1723919757224,[Memory_default]MemoryStressInjection(d2000-i1234567)
1723919781509,1723919783582,[Memory_default]MemoryStressInjection(d2000-i1234567)
1723919788734,1723919790760,[Memory_default]MemoryStressInjection(d2000-i1234567)
1723919828123,1723919830174,[Memory_default]MemoryStressInjection(d2000-i1234567)
1723919834322,1723919836333,[Memory_default]MemoryStressInjection(d2000-i1234567)
1723919851485,1723919853535,[Memory_default]MemoryStressInjection(d2000-i1234567)
1723919865804,1723919867820,[Memory_default]MemoryStressInjection(d2000-i1234567)
1723919904041,1723919906103,[Memory_default]MemoryStressInjection(d2000-i1234567)
1723919916240,1723919918245,[Memory_default]MemoryStressInjection(d2000-i1234567)
1723919918325,1723919920354,[Memory_default]MemoryStressInjection(d2000-i1234567)
1723919921430,1723919923458,[Memory_default]MemoryStressInjection(d2000-i1234567)
1723919940626,1723919942682,[Memory_default]MemoryStressInjection(d2000-i1234567)
1723919957794,1723919959796,[Memory_default]MemoryStressInjection(d2000-i1234567)
1723919962882,1723919964920,[Memory_default]MemoryStressInjection(d2000-i1234567)
1723919965001,1723919967028,[Memory_default]MemoryStressInjection(d2000-i1234567)
1723919973133,1723919975162,[Memory_default]MemoryStressInjection(d2000-i1234567)
1723919998434,1723920000469,[Memory_default]MemoryStressInjection(d2000-i1234567)
1723920014662,1723920016704,[Memory_default]MemoryStressInjection(d2000-i1234567)
1723920040816,1723920042863,[Memory_default]MemoryStressInjection(d2000-i1234567)
1723920087190,1723920089219,[Memory_default]MemoryStressInjection(d2000-i1234567)
1723920097395,1723920099423,[Memory_default]MemoryStressInjection(d2000-i1234567)
1723920101518,1723920737503,[Memory_default]MemoryStressInjection(d2000-i1234567)
1723920743682,1723920745709,[Memory_default]MemoryStressInjection(d2000-i1234567)
1723920749802,1723920751811,[Memory_default]MemoryStressInjection(d2000-i1234567)
1723920758888,1723920760916,[Memory_default]MemoryStressInjection(d2000-i1234567)
1723920772022,1723920774040,[Memory_default]MemoryStressInjection(d2000-i1234567)
1723920776115,1723920778140,[Memory_default]MemoryStressInjection(d2000-i1234567)
1723920799241,1723920801271,[Memory_default]MemoryStressInjection(d2000-i1234567)
1723920835356,1723920837362,[Memory_default]MemoryStressInjection(d2000-i1234567)
1723920839443,1723920841453,[Memory_default]MemoryStressInjection(d2000-i1234567)
1723920854592,1723920856611,[Memory_default]MemoryStressInjection(d2000-i1234567)
1723920876750,1723920878755,[Memory_default]MemoryStressInjection(d2000-i1234567)
1723920889859,1723920891876,[Memory_default]MemoryStressInjection(d2000-i1234567)
1723920899986,1723920902008,[Memory_default]MemoryStressInjection(d2000-i1234567)
1723920902080,1723920904112,[Memory_default]MemoryStressInjection(d2000-i1234567)
1723920906177,1723920908179,[Memory_default]MemoryStressInjection(d2000-i1234567)
1723920918269,1723920920289,[Memory_default]MemoryStressInjection(d2000-i1234567)
1723920920356,1723920922367,[Memory_default]MemoryStressInjection(d2000-i1234567)
1723920923442,1723920925470,[Memory_default]MemoryStressInjection(d2000-i1234567)
1723920972365,1723920974380,[Memory_default]MemoryStressInjection(d2000-i1234567)
1723920979459,1723920981479,[Memory_default]MemoryStressInjection(d2000-i1234567)
1723920990579,1723920992601,[Memory_default]MemoryStressInjection(d2000-i1234567)
1723920999700,1723921001720,[Memory_default]MemoryStressInjection(d2000-i1234567)
1723921009801,1723921011835,[Memory_default]MemoryStressInjection(d2000-i1234567)
1723921020954,1723921022958,[Memory_default]MemoryStressInjection(d2000-i1234567)
1723921033072,1723921035107,[Memory_default]MemoryStressInjection(d2000-i1234567)
1723921051223,1723921053251,[Memory_default]MemoryStressInjection(d2000-i1234567)
1723921058323,1723921060355,[Memory_default]MemoryStressInjection(d2000-i1234567)
1723921060421,1723921062433,[Memory_default]MemoryStressInjection(d2000-i1234567)
1723921063507,1723921065534,[Memory_default]MemoryStressInjection(d2000-i1234567)
1723921090684,1723921092711,[Memory_default]MemoryStressInjection(d2000-i1234567)
1723921096783,1723921098805,[Memory_default]MemoryStressInjection(d2000-i1234567)
1723921108884,1723921110888,[Memory_default]MemoryStressInjection(d2000-i1234567)
1723921117980,1723921120016,[Memory_default]MemoryStressInjection(d2000-i1234567)
1723921120083,1723921122110,[Memory_default]MemoryStressInjection(d2000-i1234567)
1723921122181,1723921124184,[Memory_default]MemoryStressInjection(d2000-i1234567)
1723921124255,1723921126283,[Memory_default]MemoryStressInjection(d2000-i1234567)
1723921128431,1723921130448,[Memory_default]MemoryStressInjection(d2000-i1234567)
1723921133520,1723921135552,[Memory_default]MemoryStressInjection(d2000-i1234567)
1723921143647,1723921145656,[Memory_default]MemoryStressInjection(d2000-i1234567)
1723921155754,1723921157781,[Memory_default]MemoryStressInjection(d2000-i1234567)
1723921164865,1723921166876,[Memory_default]MemoryStressInjection(d2000-i1234567)
1723921172948,1723921174978,[Memory_default]MemoryStressInjection(d2000-i1234567)
1723921178054,1723921180055,[Memory_default]MemoryStressInjection(d2000-i1234567)
