_timestamp,cpu_times.user,cpu_times.system,cpu_times.idle,cpu_times.interrupt,cpu_times.dpc,cpu_stats.ctx_switches,cpu_stats.interrupts,cpu_stats.soft_interrupts,cpu_stats.syscalls,cpu_load.load_1m,cpu_load.load_5m,cpu_load.load_15m,swap.total,swap.used,swap.free,swap.percent,swap.sin,swap.sout,virtual.total,virtual.available,virtual.percent,virtual.used,virtual.free,disk.total,disk.used,disk.free,disk.percent,disk_io.read_count,disk_io.write_count,disk_io.read_bytes,disk_io.write_bytes,disk_io.read_time,disk_io.write_time,net_io.bytes_sent,net_io.bytes_recv,net_io.packets_sent,net_io.packets_recv,net_io.errin,net_io.errout,net_io.dropin,net_io.dropout
1703841440.894343,29892.453125,16378.546875,3427644.265625,1258.171875,798.96875,1675045373,904424098,0,1746020180,0.0,0.0,0.0,16642998272,13671325696,2971672576,82.1,0,0,16832106496,3282296832,80.5,13549809664,3282296832,1023074627584,513719754752,509354872832,50.2,12686095,3313326,111225927680,81840031232,7668,1561,851158212,5909185126,1986112,5102244,0,0,0,0
1703841441.8968546,29892.8125,16378.71875,3427655.734375,1258.171875,799.0,1675060987,904433215,0,1746137456,0.0,0.0,0.0,16642998272,13668106240,2974892032,82.1,0,0,16832106496,3283795968,80.5,13548310528,3283795968,1023074627584,513718525952,509356101632,50.2,12686117,3313362,111226619904,81840379392,7668,1561,851158452,5909185178,1986119,5102245,0,0,0,0
1703841442.8993278,29893.09375,16379.078125,3427667.15625,1258.203125,799.0,1675079263,904443965,0,1746247493,0.0,0.0,0.0,16642998272,13664055296,2978942976,82.1,0,0,16832106496,3270324224,80.6,13561782272,3270324224,1023074627584,513718775808,509355851776,50.2,12686126,3313412,111226656768,81840850432,7668,1561,851160187,5909190324,1986131,5102253,0,0,0,0
1703841443.9015205,29893.4375,16379.21875,3427678.765625,1258.203125,799.015625,1675099206,904454500,0,1746354821,0.0,0.0,0.0,16642998272,13657972736,2985025536,82.1,0,0,16832106496,3255828480,80.7,13576278016,3255828480,1023074627584,513719001088,509355626496,50.2,12686147,3313428,111227013120,81841079808,7668,1561,851178459,5909209202,1986152,5102279,0,0,0,0
1703841444.9036562,29893.703125,16379.453125,3427690.296875,1258.21875,799.046875,1675128604,904472551,0,1746476810,0.0,0.0,0.0,16642998272,13646225408,2996772864,82.0,0,0,16832106496,3226587136,80.8,13605519360,3226587136,1023074627584,513719152640,509355474944,50.2,12686188,3313485,111228299264,81841669632,7668,1561,851186921,5909220027,1986161,5102294,0,0,0,0
1703841445.906715,29893.84375,16379.640625,3427701.921875,1258.234375,799.046875,1675139951,904481215,0,1746517410,0.0,0.0,0.0,16642998272,13646819328,2996178944,82.0,0,0,16832106496,3234267136,80.8,13597839360,3234267136,1023074627584,513719312384,509355315200,50.2,12686189,3313525,111228315648,81841952256,7668,1561,851189478,5909224446,1986166,5102301,0,0,0,0
1703841446.9096897,29894.03125,16379.8125,3427713.578125,1258.25,799.0625,1675151298,904488467,0,1746558744,0.0,0.0,0.0,16642998272,13659193344,2983804928,82.1,0,0,16832106496,3258675200,80.6,13573431296,3258675200,1023074627584,513719398400,509355229184,50.2,12686194,3313569,111228360704,81842472448,7668,1561,851198199,5909227633,1986170,5102306,0,0,0,0
1703841447.9116821,29894.203125,16379.90625,3427725.3125,1258.25,799.0625,1675165378,904496339,0,1746622186,0.0,0.0,0.0,16642998272,13649620992,2993377280,82.0,0,0,16832106496,3254804480,80.7,13577302016,3254804480,1023074627584,513719529472,509355098112,50.2,12686212,3313576,111228434432,81842517504,7668,1561,851198341,5909231779,1986174,5102309,0,0,0,0
1703841448.913593,29894.375,16380.078125,3427737.015625,1258.265625,799.0625,1675174415,904501585,0,1746652717,0.0,0.0,0.0,16642998272,13642645504,3000352768,82.0,0,0,16832106496,3248136192,80.7,13583970304,3248136192,1023074627584,513719619584,509355008000,50.2,12686269,3313587,111228667904,81842828800,7668,1561,851205503,5909234966,1986177,5102314,0,0,0,0
1703841449.9164107,29894.515625,16380.203125,3427748.875,1258.296875,799.078125,1675185308,904508069,0,1746689977,0.0,0.0,0.0,16642998272,13642752000,3000246272,82.0,0,0,16832106496,3248218112,80.7,13583888384,3248218112,1023074627584,513719648256,509354979328,50.2,12686301,3313612,111228889088,81843115520,7668,1561,851209974,5909245840,1986192,5102332,0,0,0,0
1703841450.9175184,29894.875,16380.437499999534,3427760.28125,1258.296875,799.09375,1675212904,904523728,0,1746813040,0.0,0.0,0.0,16642998272,13656403968,2986594304,82.1,0,0,16832106496,3203051520,81.0,13629054976,3203051520,1023074627584,513719795712,509354831872,50.2,12686310,3313633,111228987392,81843357184,7668,1561,851220355,5909249313,1986199,5102342,0,0,0,0
1703841451.9207413,29895.390625,16380.593749999534,3427771.59375,1258.3125,799.09375,1675245627,904543613,0,1746954963,0.0,0.0,0.0,16642998272,13630464000,3012534272,81.9,0,0,16832106496,3219243008,80.9,13612863488,3219243008,1023074627584,513719795712,509354831872,50.2,12686349,3313635,111229147136,81843377664,7668,1561,851220517,5909253744,1986202,5102349,0,0,0,0
1703841452.921378,29895.640625,16380.906249999534,3427783.03125,1258.328125,799.09375,1675273154,904562645,0,1747081570,0.0,0.0,0.0,16642998272,13648371712,2994626560,82.0,0,0,16832106496,3196661760,81.0,13635444736,3196661760,1023074627584,513720082432,509354545152,50.2,12686363,3313656,111229204480,81843668480,7668,1561,851231962,5909257043,1986212,5102356,0,0,0,0
1703841453.921852,29896.078125,16381.281249999534,3427794.328125,1258.328125,799.125,1675294423,904576838,0,1747168285,0.0,0.0,0.0,16642998272,13666131968,2976866304,82.1,0,0,16832106496,3116130304,81.5,13715976192,3116130304,1023074627584,513720049664,509354577920,50.2,12686377,3313688,111229323264,81844545024,7668,1561,851232454,5909261226,1986219,5102359,0,0,0,0
1703841454.9226475,29896.6875,16381.703124999534,3427805.171875,1258.328125,799.125,1675306935,904585861,0,1747203065,0.0,0.0,0.0,16642998272,13710159872,2932838400,82.4,0,0,16832106496,2904379392,82.7,13927727104,2904379392,1023074627584,513720127488,509354500096,50.2,12686440,3313714,111229671424,81845216768,7668,1561,851249276,5909266530,1986236,5102368,0,0,0,0
1703841455.924765,29897.046875,16381.96875,3427816.5937499995,1258.359375,799.125,1675321880,904594567,0,1747263500,0.0,0.0,0.0,16642998272,13636956160,3006042112,81.9,0,0,16832106496,3264851968,80.6,13567254528,3264851968,1023074627584,513720127488,509354500096,50.2,12686454,3313716,111229913088,81845237248,7668,1561,851251067,5909312775,1986261,5102407,0,0,0,0
1703841456.931273,29901.703125,16382.828125,3427823.2812499995,1258.375,799.125,1675359053,904620436,0,1747473412,0.0,0.0,0.0,16642998272,13675425792,2967572480,82.2,0,0,16832106496,3110072320,81.5,13722034176,3110072320,1023074627584,513720221696,509354405888,50.2,12686469,3313748,111230158848,81846121984,7668,1561,851270745,5909316632,1986267,5102416,0,0,0,0
1703841457.9438863,29913.5625,16383.078125,3427823.2812499995,1258.375,799.140625,1675369345,904648048,0,1747496481,0.0,0.0,0.0,16642998272,13677584384,2965413888,82.2,0,0,16832106496,3111043072,81.5,13721063424,3111043072,1023074627584,513720320000,509354307584,50.2,12686489,3313781,111230240768,81846507008,7668,1561,851283863,5909324431,1986274,5102431,0,0,0,0
1703841458.945324,29918.875,16383.84375,3427829.1718749995,1258.40625,799.171875,1675407940,904676219,0,1747679009,0.0,0.0,0.0,16642998272,13679185920,2963812352,82.2,0,0,16832106496,3142877184,81.3,13689229312,3142877184,1023074627584,513720557568,509354070016,50.2,12686513,3313841,111230613504,81847690752,7668,1561,851299516,5909332024,1986280,5102443,0,0,0,0
1703841459.9497817,29918.9375,16383.984375,3427840.9999999995,1258.421875,799.1875,1675420623,904683340,0,1747733465,0.0,0.0,0.0,16642998272,13660758016,2982240256,82.1,0,0,16832106496,3128492032,81.4,13703614464,3128492032,1023074627584,513720557568,509354070016,50.2,12686528,3313849,111230797824,81847805440,7668,1561,851299791,5909336425,1986284,5102449,0,0,0,0
1703841460.9514196,29919.203125,16384.28125,3427852.4687499995,1258.421875,799.203125,1675431739,904690140,0,1747771299,0.0,0.0,0.0,16642998272,13639917568,3003080704,82.0,0,0,16832106496,3272073216,80.6,13560033280,3272073216,1023074627584,513720643584,509353984000,50.2,12686555,3313870,111231031296,81847952896,7668,1561,851313955,5909340046,1986290,5102461,0,0,0,0
1703841461.9531238,29919.78125,16384.765625,3427863.3437499995,1258.421875,799.203125,1675470885,904711928,0,1747957708,0.0,0.0,0.0,16642998272,13665775616,2977222656,82.1,0,0,16832106496,3135860736,81.4,13696245760,3135860736,1023074627584,513720803328,509353824256,50.2,12686575,3313895,111231113216,81848202752,7668,1561,851314009,5909344199,1986291,5102464,0,0,0,0
1703841462.956577,29919.890625,16385.0,3427875.1406249995,1258.453125,799.21875,1675481428,904718149,0,1747998584,0.0,0.0,0.0,16642998272,13666422784,2976575488,82.1,0,0,16832106496,3134828544,81.4,13697277952,3134828544,1023074627584,513719603200,509355024384,50.2,12686603,3313902,111231240192,81848329728,7668,1561,851326470,5909347498,1986294,5102471,0,0,0,0
1703841463.9582014,29920.5,16385.40625,3427886.1718749995,1258.453125,799.234375,1675499444,904730093,0,1748073973,0.0,0.0,0.0,16642998272,13651865600,2991132672,82.0,0,0,16832106496,3143057408,81.3,13689049088,3143057408,1023074627584,513719689216,509354938368,50.2,12686636,3313929,111231465472,81848657408,7668,1561,851329104,5909351982,1986300,5102477,0,0,0,0
1703841464.9592972,29920.8125,16385.734375,3427897.5624999995,1258.453125,799.234375,1675510896,904739367,0,1748111251,0.0,0.0,0.0,16642998272,13698195456,2944802816,82.3,0,0,16832106496,2927173632,82.6,13904932864,2927173632,1023074627584,513719767040,509354860544,50.2,12686658,3313955,111231555584,81848899072,7669,1561,851344681,5909355478,1986304,5102487,0,0,0,0
1703841465.9631479,29924.5625,16386.734375,3427904.9062499995,1258.5,799.234375,1675548222,904765044,0,1748334568,0.0,0.0,0.0,16642998272,13676871680,2966126592,82.2,0,0,16832106496,3109175296,81.5,13722931200,3109175296,1023074627584,513719934976,509354692608,50.2,12686675,3313989,111231760384,81849325056,7669,1561,851345774,5909360888,1986308,5102495,0,0,0,0
1703841466.975178,29936.390625,16387.0,3427904.9062499995,1258.53125,799.25,1675561910,904793678,0,1748364892,1.28,0.26,0.09,16642998272,13673406464,2969591808,82.2,0,0,16832106496,3108040704,81.5,13724065792,3108040704,1023074627584,513719943168,509354684416,50.2,12686707,3313996,111232014336,81849366016,7669,1561,851369061,5909362693,1986320,5102507,0,0,0,0
1703841467.9759483,29942.1875,16387.59375,3427910.5312499995,1258.53125,799.265625,1675581376,904814580,0,1748429895,1.28,0.26,0.09,16642998272,13633282048,3009716224,81.9,0,0,16832106496,3180716032,81.1,13651390464,3180716032,1023074627584,513720029184,509354598400,50.2,12686716,3314020,111232063488,81849648640,7669,1561,851389130,5909378933,1986336,5102534,0,0,0,0
1703841468.977291,29942.359375,16387.90625,3427922.0312499995,1258.546875,799.265625,1675609842,904832955,0,1748561963,1.28,0.26,0.09,16642998272,13657370624,2985627648,82.1,0,0,16832106496,2901708800,82.8,13930397696,2901708800,1023074627584,513720147968,509354479616,50.2,12686733,3314046,111232161792,81849947648,7669,1561,851406395,5909389670,1986343,5102549,0,0,0,0
1703841469.9797301,29942.421875,16388.046875,3427933.7812499995,1258.5625,799.265625,1675626531,904843823,0,1748644063,1.28,0.26,0.09,16642998272,13617901568,3025096704,81.8,0,0,16832106496,3294097408,80.4,13538009088,3294097408,1023074627584,513720172544,509354455040,50.2,12686756,3314088,111232256000,81850381824,7669,1561,851409085,5909394134,1986349,5102557,0,0,0,0
1703841470.9822679,29944.640625,16389.25,3427942.5624999995,1258.59375,799.265625,1675671504,904868767,0,1748896457,1.28,0.26,0.09,16642998272,13650968576,2992029696,82.0,0,0,16832106496,3131834368,81.4,13700272128,3131834368,1023074627584,513720373248,509354254336,50.2,12686772,3314091,111232321536,81850426880,7669,1561,851427329,5909398003,1986358,5102569,0,0,0,0
1703841471.9838395,29956.171875,16389.703125,3427942.6093749995,1258.65625,799.265625,1675681739,904894955,0,1748922361,2.7,0.57,0.19,16642998272,13657550848,2985447424,82.1,0,0,16832106496,3131531264,81.4,13700575232,3131531264,1023074627584,513720406016,509354221568,50.2,12686796,3314116,111232419840,81850770944,7669,1561,851427383,5909402468,1986359,5102576,0,0,0,0
1703841472.9854076,29963.171875,16390.171875,3427947.0312499995,1258.703125,799.265625,1675697759,904916612,0,1748979806,2.7,0.57,0.19,16642998272,13625745408,3017252864,81.9,0,0,16832106496,3284705280,80.5,13547401216,3284705280,1023074627584,513720483840,509354143744,50.2,12686814,3314132,111232522240,81850975744,7669,1561,851443687,5909405853,1986362,5102584,0,0,0,0
1703841473.9886446,29963.328125,16390.59375,3427958.4062499995,1258.71875,799.28125,1675714387,904928052,0,1749043575,2.7,0.57,0.19,16642998272,13620637696,3022360576,81.8,0,0,16832106496,3278868480,80.5,13553238016,3278868480,1023074627584,513720446976,509354180608,50.2,12686835,3314157,111232608256,81851209216,7669,1561,851446273,5909410324,1986367,5102592,0,0,0,0
1703841474.989211,29963.6875,16390.859375,3427969.9062499995,1258.71875,799.296875,1675728260,904938000,0,1749088911,2.7,0.57,0.19,16642998272,13626462208,3016536064,81.9,0,0,16832106496,3213131776,80.9,13618974720,3213131776,1023074627584,513720643584,509353984000,50.2,12686844,3314164,111232645120,81851250176,7669,1561,851467570,5909414659,1986384,5102612,0,0,0,0
1703841475.9904559,29964.125,16391.03125,3427981.2187499995,1258.71875,799.296875,1675741963,904947385,0,1749130948,2.7,0.57,0.19,16642998272,13658865664,2984132608,82.1,0,0,16832106496,2993831936,82.2,13838274560,2993831936,1023074627584,513720680448,509353947136,50.2,12686850,3314186,111232669696,81851565568,7669,1561,851470063,5909419073,1986388,5102619,0,0,0,0
1703841476.9913592,29965.109375,16391.78125,3427991.6093749995,1258.71875,799.3125,1675780458,904970019,0,1749329878,2.48,0.56,0.19,16642998272,13653295104,2989703168,82.0,0,0,16832106496,3153707008,81.3,13678399488,3153707008,1023074627584,513720758272,509353869312,50.2,12686862,3314206,111232780288,81851753984,7669,1561,851504035,5909423913,1986401,5102636,0,0,0,0
1703841477.9930172,29965.328125,16391.984375,3428003.1874999995,1258.75,799.328125,1675796450,904978535,0,1749401309,2.48,0.56,0.19,16642998272,13644296192,2998702080,82.0,0,0,16832106496,3149524992,81.3,13682581504,3149524992,1023074627584,513721094144,509353533440,50.2,12686883,3314210,111232894976,81851782656,7669,1561,851504177,5909428150,1986405,5102640,0,0,0,0
1703841478.9941838,29965.625,16392.375,3428014.5781249995,1258.765625,799.359375,1675811449,904987049,0,1749453682,2.48,0.56,0.19,16642998272,13678206976,2964791296,82.2,0,0,16832106496,3274113024,80.5,13557993472,3274113024,1023074627584,513721114624,509353512960,50.2,12686941,3314255,111233185792,81870853632,7669,1561,851522830,5909431392,1986409,5102646,0,0,0,0
1703841479.9965527,29965.875,16392.59375,3428026.0156249995,1258.765625,799.359375,1675824126,904996243,0,1749486127,2.48,0.56,0.19,16642998272,13702451200,2940547072,82.3,0,0,16832106496,3045953536,81.9,13786152960,3045953536,1023074627584,513721212928,509353414656,50.2,12687025,3314273,111233652736,81871091200,7669,1561,851525368,5909435797,1986414,5102653,0,0,0,0
1703841480.997632,29967.15625,16393.28125,3428036.1874999995,1258.78125,799.359375,1675848924,905011219,0,1749636031,2.48,0.56,0.19,16642998272,13701787648,2941210624,82.3,0,0,16832106496,3219091456,80.9,13613015040,3219091456,1023074627584,513721352192,509353275392,50.2,12687056,3314289,111233955840,81871230464,7669,1561,851547096,5909439321,1986418,5102664,0,0,0,0
1703841482.007404,29978.203125,16393.8125,3428036.6718749995,1258.8125,799.390625,1675873868,905042557,0,1749748117,3.16,0.74,0.25,16642998272,13706465280,2936532992,82.4,0,0,16832106496,3162882048,81.2,13669224448,3162882048,1023074627584,513721421824,509353205760,50.2,12687095,3314293,111234177024,81871259136,7669,1561,851547150,5909443560,1986419,5102668,0,0,0,0
1703841483.009924,29987.265625,16394.1875,3428039.2499999995,1258.828125,799.40625,1675885870,905064733,0,1749776480,3.16,0.74,0.25,16642998272,13675110400,2967887872,82.2,0,0,16832106496,3331182592,80.2,13500923904,3331182592,1023074627584,513721507840,509353119744,50.2,12687122,3314313,111234287616,81871582720,7669,1561,851567342,5909444153,1986423,5102678,0,0,0,0
1703841484.0110474,29987.4375,16394.546875,3428050.6874999995,1258.875,799.421875,1675899005,905072565,0,1749831306,3.16,0.74,0.25,16642998272,13681876992,2961121280,82.2,0,0,16832106496,3292409856,80.4,13539696640,3292409856,1023074627584,513721614336,509353013248,50.2,12687178,3314346,111234570240,81871988224,7669,1561,851590883,5909455787,1986437,5102703,0,0,0,0
1703841485.0112734,29987.890625,16394.90625,3428061.9218749995,1258.90625,799.4375,1675928162,905088294,0,1749967048,3.16,0.74,0.25,16642998272,13672968192,2970030080,82.2,0,0,16832106496,3209453568,80.9,13622652928,3209453568,1023074627584,513721966592,509352660992,50.2,12687202,3314391,111234668544,81872909824,7669,1561,851600662,5909474432,1986462,5102732,0,0,0,0
1703841486.0133917,29988.15625,16395.1875,3428073.3593749995,1258.9375,799.46875,1675954482,905102609,0,1750098152,3.16,0.74,0.25,16642998272,13663559680,2979438592,82.1,0,0,16832106496,3258826752,80.6,13573279744,3258826752,1023074627584,513721966592,509352660992,50.2,12687220,3314395,111234803712,81873040896,7669,1561,851624347,5909477939,1986467,5102742,0,0,0,0
1703841487.016242,29988.40625,16395.5,3428084.7656249995,1259.0,799.5,1675964014,905107702,0,1750130243,2.91,0.72,0.25,16642998272,13669289984,2973708288,82.1,0,0,16832106496,3274027008,80.5,13558079488,3274027008,1023074627584,513722064896,509352562688,50.2,12687253,3314417,111234938880,81873856000,7669,1561,851636394,5909489266,1986483,5102760,0,0,0,0
1703841488.0204046,29989.40625,16396.171875,3428095.2656249995,1259.0625,799.5,1675985544,905119511,0,1750261740,2.91,0.72,0.25,16642998272,13704011776,2938986496,82.3,0,0,16832106496,3201110016,81.0,13630996480,3201110016,1023074627584,513722138624,509352488960,50.2,12687282,3314441,111235086336,81874085376,7669,1561,851669293,5909504747,1986498,5102786,0,0,0,0
1703841489.0300617,29999.875,16397.3125,3428095.7812499995,1259.140625,799.546875,1676015235,905152260,0,1750403094,2.91,0.72,0.25,16642998272,13710450688,2932547584,82.4,0,0,16832106496,3119706112,81.5,13712400384,3119706112,1023074627584,513722232832,509352394752,50.2,12687312,3314471,111235332096,81874404864,7669,1561,851669455,5909546470,1986501,5102815,0,0,0,0
1703841490.030762,30009.0625,16397.6875,3428098.2499999995,1259.171875,799.546875,1676026682,905174508,0,1750430742,2.91,0.72,0.25,16642998272,13676638208,2966360064,82.2,0,0,16832106496,3228028928,80.8,13604077568,3228028928,1023074627584,513722232832,509352394752,50.2,12687348,3314474,111235479552,81874437632,7669,1561,851692271,5909546958,1986504,5102823,0,0,0,0
1703841491.0316298,30009.75,16398.203125,3428109.0156249995,1259.25,799.703125,1676043368,905186703,0,1750488950,2.91,0.72,0.25,16642998272,13697257472,2945740800,82.3,0,0,16832106496,3038117888,82.0,13793988608,3038117888,1023074627584,513721040896,509353586688,50.2,12687477,3314501,111241765888,81874728448,7669,1561,851720221,5909557911,1986511,5102842,0,0,0,0
1703841492.0329604,30010.3125,16398.90625,3428119.7343749995,1259.25,799.75,1676057390,905208023,0,1750536458,2.68,0.71,0.25,16642998272,13661876224,2981122048,82.1,0,0,16832106496,3226955776,80.8,13605150720,3226955776,1023074627584,513716285440,509358342144,50.2,12687522,3314522,111242044416,81875039744,7669,1561,851720275,5909562147,1986512,5102846,0,0,0,0
1703841493.036174,30010.71875,16399.15625,3428131.1249999995,1259.28125,799.75,1676082645,905224593,0,1750633187,2.68,0.71,0.25,16642998272,13670912000,2972086272,82.1,0,0,16832106496,3240521728,80.7,13591584768,3240521728,1023074627584,513721225216,509353402368,50.2,12687552,3314607,111242354176,81879713280,7669,1561,851746571,5909565643,1986516,5102856,0,0,0,0
1703841494.039593,30010.90625,16399.34375,3428142.8124999995,1259.296875,799.75,1676095599,905233912,0,1750674646,2.68,0.71,0.25,16642998272,13662691328,2980306944,82.1,0,0,16832106496,3252629504,80.7,13579476992,3252629504,1023074627584,513721298944,509353328640,50.2,12687581,3314629,111242583552,81881994752,7669,1561,851746625,5909569796,1986517,5102859,0,0,0,0
1703841495.0397706,30011.109375,16399.515625,3428154.4531249995,1259.3125,799.75,1676105991,905239736,0,1750720968,2.68,0.71,0.25,16642998272,13662666752,2980331520,82.1,0,0,16832106496,3253112832,80.7,13578993664,3253112832,1023074627584,513721311232,509353316352,50.2,12687605,3314660,111242681856,81882809856,7669,1561,851771380,5909573415,1986521,5102871,0,0,0,0
1703841496.0409443,30011.28125,16399.546875000466,3428166.1562499995,1259.3125,799.75,1676120507,905247132,0,1750777718,2.68,0.71,0.25,16642998272,13660286976,2982711296,82.1,0,0,16832106496,3251265536,80.7,13580840960,3251265536,1023074627584,513721409536,509353218048,50.2,12687640,3314686,111242870272,81883072000,7669,1562,851774967,5909578917,1986529,5102881,0,0,0,0
1703841497.041459,30011.46875,16399.718750000466,3428177.9374999995,1259.3125,799.78125,1676133795,905253849,0,1750821026,2.46,0.7,0.25,16642998272,13667921920,2975076352,82.1,0,0,16832106496,3240562688,80.7,13591543808,3240562688,1023074627584,513721409536,509353218048,50.2,12687664,3314688,111242997248,81883108864,7669,1562,851811858,5909583783,1986541,5102901,0,0,0,0
1703841498.044963,30011.953125,16400.171875000466,3428189.0468749995,1259.328125,799.78125,1676153037,905264968,0,1750901726,2.46,0.7,0.25,16642998272,13693100032,2949898240,82.3,0,0,16832106496,3200061440,81.0,13632045056,3200061440,1023074627584,513721667584,509352960000,50.2,12687717,3314718,111243214336,81883297280,7669,1562,851845008,5909718785,1986622,5103041,0,0,0,0
1703841499.045855,30021.921875,16401.281250000466,3428189.9843749995,1259.40625,799.78125,1676190838,905299532,0,1751094083,2.46,0.7,0.25,16642998272,13720690688,2922307584,82.4,0,0,16832106496,3047215104,81.9,13784891392,3047215104,1023074627584,513721643008,509352984576,50.2,12687766,3314752,111243513344,81883723264,7669,1562,851891753,5909743475,1986634,5103080,0,0,0,0
1703841500.0474946,30032.328125,16401.953125000466,3428190.8906249995,1259.453125,799.8125,1676208279,905326649,0,1751153629,2.46,0.7,0.25,16642998272,13700321280,2942676992,82.3,0,0,16832106496,3199348736,81.0,13632757760,3199348736,1023074627584,513721749504,509352878080,50.2,12687800,3314789,111243779584,81884018176,7669,1562,851922083,5909748909,1986648,5103098,0,0,0,0
1703841501.0487475,30032.953125,16402.328125000466,3428201.8749999995,1259.46875,799.8125,1676244462,905347241,0,1751320043,2.46,0.7,0.25,16642998272,13701013504,2941984768,82.3,0,0,16832106496,3096170496,81.6,13735936000,3096170496,1023074627584,513721888768,509352738816,50.2,12687823,3314801,111243898368,81884227072,7669,1562,851979803,5909816377,1986713,5103199,0,0,0,0
1703841502.0509162,30033.0625,16402.484375000466,3428213.5781249995,1259.484375,799.8125,1676263763,905361414,0,1751404062,2.27,0.69,0.25,16642998272,13686730752,2956267520,82.2,0,0,16832106496,3149139968,81.3,13682966528,3149139968,1023074627584,513722126336,509352501248,50.2,12687847,3314834,111243996672,81884579328,7669,1562,851988741,5909820610,1986717,5103203,0,0,0,0
1703841503.052709,30033.28125,16402.656250000466,3428225.2187499995,1259.484375,799.8125,1676285259,905375173,0,1751488317,2.27,0.69,0.25,16642998272,13675053056,2967945216,82.2,0,0,16832106496,3191734272,81.0,13640372224,3191734272,1023074627584,513722064896,509352562688,50.2,12687859,3314861,111244058112,81884902912,7669,1562,852016710,5909824433,1986723,5103217,0,0,0,0
1703841504.0556924,30033.453125,16402.921875000466,3428236.8749999995,1259.53125,799.8125,1676294973,905380593,0,1751522367,2.27,0.69,0.25,16642998272,13675806720,2967191552,82.2,0,0,16832106496,3198386176,81.0,13633720320,3198386176,1023074627584,513722163200,509352464384,50.2,12687944,3314890,111244406272,81885107712,7669,1562,852019093,5909828727,1986725,5103222,0,0,0,0
1703841505.0577877,30033.640625,16403.0625,3428248.546875,1259.53125,799.84375,1676306857,905386856,0,1751572237,2.27,0.69,0.25,16642998272,13678874624,2964123648,82.2,0,0,16832106496,3194462208,81.0,13637644288,3194462208,1023074627584,513722167296,509352460288,50.2,12687970,3314911,111244541440,81885287936,7669,1562,852050595,5909832617,1986735,5103235,0,0,0,0
1703841506.0586267,30033.8125,16403.140625,3428260.34375,1259.53125,799.84375,1676322963,905395415,0,1751641997,2.27,0.69,0.25,16642998272,13675487232,2967511040,82.2,0,0,16832106496,3197759488,81.0,13634347008,3197759488,1023074627584,513722269696,509352357888,50.2,12687990,3314953,111244721664,81885648384,7669,1562,852050917,5909836833,1986740,5103239,0,0,0,0
1703841507.0613148,30033.90625,16403.34375,3428272.0625,1259.53125,799.84375,1676338414,905405832,0,1751698891,2.16,0.69,0.25,16642998272,13683318784,2959679488,82.2,0,0,16832106496,3192889344,81.0,13639217152,3192889344,1023074627584,513722273792,509352353792,50.2,12687997,3314974,111244750336,81885820416,7669,1562,852082911,5909840468,1986748,5103252,0,0,0,0
1703841508.06463,30034.03125,16403.546875,3428283.71875,1259.53125,799.84375,1676350146,905414581,0,1751738522,2.16,0.69,0.25,16642998272,13671669760,2971328512,82.1,0,0,16832106496,3201384448,81.0,13630722048,3201384448,1023074627584,513722519552,509352108032,50.2,12688013,3315005,111244856832,81886336512,7669,1562,852091944,5909845605,1986759,5103261,0,0,0,0
1703841509.0672238,30034.1875,16403.703125,3428295.421875,1259.546875,799.859375,1676358797,905419426,0,1751769178,2.16,0.69,0.25,16642998272,13674446848,2968551424,82.2,0,0,16832106496,3199320064,81.0,13632786432,3199320064,1023074627584,513722519552,509352108032,50.2,12688022,3315010,111244893696,81886856704,7669,1562,852124494,5909849517,1986765,5103277,0,0,0,0
1703841510.068615,30034.375,16403.796875,3428307.1875,1259.5625,799.875,1676374373,905428089,0,1751832400,2.16,0.69,0.25,16642998272,13679501312,2963496960,82.2,0,0,16832106496,3197722624,81.0,13634383872,3197722624,1023074627584,513722621952,509352005632,50.2,12688041,3315033,111244983808,81887155712,7669,1562,852124603,5909853731,1986767,5103281,0,0,0,0
1703841511.0696561,30034.625,16404.078125,3428318.6875,1259.5625,799.890625,1676397086,905443415,0,1751936018,2.16,0.69,0.25,16642998272,13684957184,2958041088,82.2,0,0,16832106496,3149516800,81.3,13682589696,3149516800,1023074627584,513722634240,509351993344,50.2,12688056,3315051,111245073920,81887335936,7669,1562,852160789,5909859053,1986784,5103304,0,0,0,0
1703841512.07105,30034.8125,16404.25,3428330.34375,1259.5625,799.90625,1676424474,905460129,0,1752059403,1.99,0.68,0.25,16642998272,13658341376,2984656896,82.1,0,0,16832106496,3184496640,81.1,13647609856,3184496640,1023074627584,513722896384,509351731200,50.2,12688081,3315053,111245176320,81887352320,7669,1562,852161002,5909863432,1986787,5103310,0,0,0,0
1703841513.0726907,30035.03125,16404.421875,3428342.03125,1259.578125,799.921875,1676437001,905467505,0,1752105970,1.99,0.68,0.25,16642998272,13682909184,2960089088,82.2,0,0,16832106496,3196514304,81.0,13635592192,3196514304,1023074627584,513722859520,509351768064,50.2,12688119,3315078,111245450752,81887684096,7669,1562,852194966,5909867067,1986791,5103323,0,0,0,0
1703841514.0751348,30035.34375,16404.625,3428353.484375,1259.578125,799.921875,1676456993,905480842,0,1752212513,1.99,0.68,0.25,16642998272,13675495424,2967502848,82.2,0,0,16832106496,3195613184,81.0,13636493312,3195613184,1023074627584,513722978304,509351649280,50.2,12688128,3315109,111245487616,81887995392,7669,1562,852195020,5909871251,1986792,5103326,0,0,0,0
1703841515.0777364,30035.421875,16404.90625,3428365.171875,1259.609375,799.921875,1676469747,905490613,0,1752252798,1.99,0.68,0.25,16642998272,13672566784,2970431488,82.2,0,0,16832106496,3203645440,81.0,13628461056,3203645440,1023074627584,513723060224,509351567360,50.2,12688149,3315140,111245573632,81888667136,7669,1562,852230209,5909875229,1986799,5103343,0,0,0,0
1703841516.0801833,30035.78125,16405.1875,3428376.640625,1259.625,799.921875,1676481093,905497287,0,1752307778,1.99,0.68,0.25,16642998272,13696356352,2946641920,82.3,0,0,16832106496,3188592640,81.1,13643513856,3188592640,1023074627584,513723060224,509351567360,50.2,12688173,3315143,111245757952,81888769536,7669,1562,852230414,5909879666,1986802,5103348,0,0,0,0
1703841517.0849814,30045.78125,16406.5,3428377.34375,1259.734375,799.921875,1676518874,905532654,0,1752514029,2.87,0.89,0.32,16642998272,13708050432,2934947840,82.4,0,0,16832106496,3016515584,82.1,13815590912,3016515584,1023074627584,513723211776,509351415808,50.2,12688214,3315167,111246568960,81890465280,7669,1562,852263732,5909880236,1986807,5103357,0,0,0,0
1703841518.0860422,30056.15625,16407.203125,3428378.34375,1259.765625,799.96875,1676537396,905561109,0,1752583102,2.87,0.89,0.32,16642998272,13671243776,2971754496,82.1,0,0,16832106496,3171155968,81.2,13660950528,3171155968,1023074627584,513723310080,509351317504,50.2,12688229,3315197,111246704128,81890768384,7669,1562,852315051,5909890860,1986824,5103387,0,0,0,0
1703841519.0886488,30056.5625,16407.46875,3428389.609375,1259.765625,799.96875,1676562991,905575491,0,1752717052,2.87,0.89,0.32,16642998272,13666353152,2976645120,82.1,0,0,16832106496,3200385024,81.0,13631721472,3200385024,1023074627584,513722183680,509352443904,50.2,12688244,3315231,111246835200,81891837440,7669,1562,852351484,5909901730,1986832,5103406,0,0,0,0
1703841520.0917215,30056.703125,16407.734375,3428401.28125,1259.765625,799.984375,1676573444,905581242,0,1752764791,2.87,0.89,0.32,16642998272,13688274944,2954723328,82.2,0,0,16832106496,3186003968,81.1,13646102528,3186003968,1023074627584,513722273792,509352353792,50.2,12688249,3315237,111246855680,81891935744,7669,1562,852354325,5909906332,1986841,5103416,0,0,0,0
1703841521.0946074,30057.8125,16408.359375,3428411.5,1259.78125,799.984375,1676617044,905605255,0,1752986814,2.87,0.89,0.32,16642998272,13701169152,2941829120,82.3,0,0,16832106496,3069497344,81.8,13762609152,3069497344,1023074627584,513722368000,509352259584,50.2,12688265,3315254,111246921216,81892226560,7669,1562,852394214,5909911727,1986858,5103441,0,0,0,0
1703841522.094757,30058.046875,16408.765625,3428422.984375,1259.796875,800.0,1676627285,905611298,0,1753021403,2.64,0.87,0.32,16642998272,13669568512,2973429760,82.1,0,0,16832106496,3199864832,81.0,13632241664,3199864832,1023074627584,513722503168,509352124416,50.2,12688297,3315272,111247052288,81892369920,7669,1562,852394269,5909916019,1986860,5103446,0,0,0,0
1703841523.0974917,30058.203125,16409.0,3428434.515625,1259.796875,800.0,1676641467,905621209,0,1753075007,2.64,0.87,0.32,16642998272,13683200000,2959798272,82.2,0,0,16832106496,3199979520,81.0,13632126976,3199979520,1023074627584,513722589184,509352038400,50.2,12688322,3315305,111247195648,81892746752,7669,1562,852432074,5909919711,1986864,5103460,0,0,0,0
1703841524.0995731,30058.4375,16409.234375,3428446.0625,1259.828125,800.0,1676660779,905633677,0,1753155302,2.64,0.87,0.32,16642998272,13677727744,2965270528,82.2,0,0,16832106496,3213922304,80.9,13618184192,3213922304,1023074627584,513722593280,509352034304,50.2,12688330,3315307,111247228416,81892787712,7669,1562,852432128,5909923945,1986865,5103464,0,0,0,0
1703841525.102517,30058.5625,16409.3125,3428457.859375,1259.859375,800.0,1676671105,905639529,0,1753193335,2.64,0.87,0.32,16642998272,13671538688,2971459584,82.1,0,0,16832106496,3203399680,81.0,13628706816,3203399680,1023074627584,513722707968,509351919616,50.2,12688342,3315329,111247310336,81892984320,7669,1562,852470708,5909927525,1986870,5103476,0,0,0,0
1703841526.1049104,30058.703125,16409.40625,3428469.65625,1259.875,800.0,1676679217,905644458,0,1753225775,2.64,0.87,0.32,16642998272,13674999808,2967998464,82.2,0,0,16832106496,3208994816,80.9,13623111680,3208994816,1023074627584,513722707968,509351919616,50.2,12688358,3315347,111247384064,81893111296,7669,1562,852471855,5909933160,1986875,5103484,0,0,0,0
1703841527.1070611,30058.796875,16409.5625,3428481.421875,1259.875,800.015625,1676688255,905649538,0,1753262215,2.43,0.86,0.32,16642998272,13665447936,2977550336,82.1,0,0,16832106496,3210936320,80.9,13621170176,3210936320,1023074627584,513722777600,509351849984,50.2,12688373,3315393,111247445504,81893508608,7669,1562,852509874,5909937197,1986885,5103502,0,0,0,0
1703841528.110714,30058.96875,16409.71875,3428493.078125,1259.875,800.03125,1676705841,905659074,0,1753331758,2.43,0.86,0.32,16642998272,13667901440,2975096832,82.1,0,0,16832106496,3213963264,80.9,13618143232,3213963264,1023074627584,513722798080,509351829504,50.2,12688400,3315405,111247556096,81893631488,7669,1562,852521714,5909942526,1986896,5103517,0,0,0,0
1703841529.1128292,30059.3125,16410.0,3428504.671875,1259.90625,800.03125,1676717044,905665466,0,1753381883,2.43,0.86,0.32,16642998272,13693059072,2949939200,82.3,0,0,16832106496,3193692160,81.0,13638414336,3193692160,1023074627584,513722888192,509351739392,50.2,12688407,3315436,111247613440,81893922304,7669,1562,852562921,5909954024,1986915,5103550,0,0,0,0
1703841530.1282496,30069.65625,16411.0,3428505.484375,1259.984375,800.03125,1676751600,905699216,0,1753563038,2.43,0.86,0.32,16642998272,13705850880,2937147392,82.4,0,0,16832106496,3049553920,81.9,13782552576,3049553920,1023074627584,513722982400,509351645184,50.2,12688421,3315460,111247777280,81894270464,7669,1562,852565415,5909958366,1986920,5103556,0,0,0,0
1703841531.129554,30080.46875,16411.296875,3428506.34375,1260.015625,800.0625,1676765679,905725287,0,1753602924,2.43,0.86,0.32,16642998272,13663498240,2979500032,82.1,0,0,16832106496,3220566016,80.9,13611540480,3220566016,1023074627584,513723052032,509351575552,50.2,12688433,3315460,111247826432,81894270464,7669,1562,852604284,5909959885,1986930,5103571,0,0,0,0
1703841532.1322427,30080.734375,16411.4375,3428517.921875,1260.015625,800.078125,1676788009,905740326,0,1753689487,2.24,0.84,0.31,16642998272,13673193472,2969804800,82.2,0,0,16832106496,3223658496,80.8,13608448000,3223658496,1023074627584,513723133952,509351493632,50.2,12688450,3315492,111247896064,81894573568,7669,1562,852647893,5909970863,1986938,5103592,0,0,0,0
1703841533.1327183,30081.109375,16411.796875,3428529.265625,1260.015625,800.078125,1676823318,905761902,0,1753852771,2.24,0.84,0.31,16642998272,13656367104,2986631168,82.1,0,0,16832106496,3142385664,81.3,13689720832,3142385664,1023074627584,513723191296,509351436288,50.2,12688509,3315512,111248137728,81894819328,7669,1562,852647948,5909975008,1986940,5103595,0,0,0,0
1703841534.1355808,30081.21875,16411.96875,3428540.96875,1260.015625,800.078125,1676839747,905773267,0,1753923819,2.24,0.84,0.31,16642998272,13665173504,2977824768,82.1,0,0,16832106496,3215245312,80.9,13616861184,3215245312,1023074627584,513723453440,509351174144,50.2,12688511,3315527,111248231936,81895077376,7669,1562,852690001,5909978729,1986946,5103609,0,0,0,0
1703841535.1362143,30081.375,16412.1875,3428552.703125,1260.03125,800.09375,1676857937,905785444,0,1753994740,2.24,0.84,0.31,16642998272,13662543872,2980454400,82.1,0,0,16832106496,3240431616,80.7,13591674880,3240431616,1023074627584,513723387904,509351239680,50.2,12688511,3315547,111248231936,81895237120,7669,1562,852690540,5909984053,1986949,5103615,0,0,0,0
1703841536.1384397,30081.59375,16412.34375,3428564.328125,1260.03125,800.09375,1676872996,905795988,0,1754055164,2.24,0.84,0.31,16642998272,13661519872,2981478400,82.1,0,0,16832106496,3215597568,80.9,13616508928,3215597568,1023074627584,513723482112,509351145472,50.2,12688511,3315564,111248231936,81895491072,7669,1562,852733558,5909991008,1986955,5103633,0,0,0,0
1703841537.1419601,30081.734375,16412.609375,3428575.890625,1260.03125,800.09375,1676886325,905805330,0,1754110633,2.06,0.83,0.31,16642998272,13665624064,2977374208,82.1,0,0,16832106496,3238457344,80.8,13593649152,3238457344,1023074627584,513723514880,509351112704,50.2,12688511,3315583,111248231936,81895740928,7669,1562,852733613,5909995244,1986957,5103637,0,0,0,0
1703841538.1455595,30081.875,16412.781249999534,3428587.5625,1260.0625,800.109375,1676894517,905810144,0,1754142872,2.06,0.83,0.31,16642998272,13659312128,2983686144,82.1,0,0,16832106496,3226521600,80.8,13605584896,3226521600,1023074627584,513723854848,509350772736,50.2,12688511,3315600,111248231936,81896199680,7669,1562,852777183,5909998824,1986966,5103649,0,0,0,0
1703841539.1469111,30081.96875,16412.890624999534,3428599.390625,1260.078125,800.140625,1676907652,905817399,0,1754193812,2.06,0.83,0.31,16642998272,13657112576,2985885696,82.1,0,0,16832106496,3226750976,80.8,13605355520,3226750976,1023074627584,513723854848,509350772736,50.2,12688512,3315606,111248297472,81896760832,7669,1562,852785900,5910003768,1986973,5103657,0,0,0,0
1703841540.1495256,30082.328125,16413.171874999534,3428610.9375,1260.078125,800.15625,1676918282,905823498,0,1754241428,2.06,0.83,0.31,16642998272,13678686208,2964312064,82.2,0,0,16832106496,3212562432,80.9,13619544064,3212562432,1023074627584,513723957248,509350670336,50.2,12688515,3315624,111248358912,81896912384,7669,1562,852828392,5910009074,1986982,5103674,0,0,0,0
1703841541.1633065,30092.234375,16414.531249999534,3428611.796875,1260.125,800.1875,1676954750,905858588,0,1754435746,2.06,0.83,0.31,16642998272,13700251648,2942746624,82.3,0,0,16832106496,3063697408,81.8,13768409088,3063697408,1023074627584,513724108800,509350518784,50.2,12688515,3315647,111248358912,81897211392,7669,1562,852830831,5910013495,1986986,5103681,0,0,0,0
1703841542.166074,30102.65625,16414.953124999534,3428613.0,1260.203125,800.203125,1676969742,905884906,0,1754468282,4.21,1.3,0.47,16642998272,13658697728,2984300544,82.1,0,0,16832106496,3219337216,80.9,13612769280,3219337216,1023074627584,513724186624,509350440960,50.2,12688521,3315661,111248563712,81897367040,7669,1562,852873418,5910013999,1986989,5103690,0,0,0,0
1703841543.1678846,30102.84375,16415.046874999534,3428624.65625,1260.203125,800.21875,1676986077,905894700,0,1754526201,4.21,1.3,0.47,16642998272,13658214400,2984783872,82.1,0,0,16832106496,3221323776,80.9,13610782720,3221323776,1023074627584,513724186624,509350440960,50.2,12688669,3315668,111249169920,81897473536,7670,1562,852918863,5910021975,1986994,5103709,0,0,0,0
1703841544.1699197,30102.890625,16415.140624999534,3428636.578125,1260.203125,800.234375,1676994897,905899726,0,1754556371,4.21,1.3,0.47,16642998272,13657825280,2985172992,82.1,0,0,16832106496,3221303296,80.9,13610803200,3221303296,1023074627584,513724305408,509350322176,50.2,12688688,3315687,111249337856,81897653760,7670,1562,852964789,5910029846,1987001,5103726,0,0,0,0
1703841545.170638,30103.015625,16415.296874999534,3428648.28125,1260.203125,800.234375,1677006016,905905997,0,1754596276,4.21,1.3,0.47,16642998272,13670318080,2972680192,82.1,0,0,16832106496,3219193856,80.9,13612912640,3219193856,1023074627584,513724555264,509350072320,50.2,12688699,3315709,111249382912,81897911808,7670,1562,853013526,5910041085,1987011,5103750,0,0,0,0
1703841546.1724522,30103.3125,16415.515624999534,3428659.828125,1260.203125,800.234375,1677024361,905918184,0,1754669252,4.21,1.3,0.47,16642998272,13662887936,2980110336,82.1,0,0,16832106496,3211464704,80.9,13620641792,3211464704,1023074627584,513723191296,509351436288,50.2,12688713,3315715,111249440256,81898374656,7670,1562,853014048,5910045624,1987016,5103759,0,0,0,0
1703841547.1734157,30103.4375,16415.765624999534,3428671.53125,1260.21875,800.234375,1677036840,905926981,0,1754712947,3.87,1.27,0.47,16642998272,13660143616,2982854656,82.1,0,0,16832106496,3206561792,80.9,13625544704,3206561792,1023074627584,513723277312,509351350272,50.2,12688723,3315737,111249481216,81899357696,7670,1562,853058603,5910046296,1987018,5103771,0,0,0,0
1703841548.1735508,30104.078125,16416.09375,3428682.5624999995,1260.234375,800.265625,1677049239,905937131,0,1754754944,3.87,1.27,0.47,16642998272,13684420608,2958577664,82.2,0,0,16832106496,2979721216,82.3,13852385280,2979721216,1023074627584,513723449344,509351178240,50.2,12688726,3315753,111249579520,81899726336,7670,1562,853106076,5910057517,1987025,5103795,0,0,0,0
1703841549.1747866,30104.671875,16416.53125,3428693.4843749995,1260.265625,800.3125,1677081705,905966359,0,1754901121,3.87,1.27,0.47,16642998272,13651603456,2991394816,82.0,0,0,16832106496,3146764288,81.3,13685342208,3146764288,1023074627584,513723473920,509351153664,50.2,12688741,3315759,111249640960,81899845120,7670,1562,853117364,5910062418,1987030,5103803,0,0,0,0
1703841550.1763604,30105.046875,16416.765625,3428704.9218749995,1260.265625,800.328125,1677109834,905982277,0,1755016430,3.87,1.27,0.47,16642998272,13650706432,2992291840,82.0,0,0,16832106496,3210215424,80.9,13621891072,3210215424,1023074627584,513723613184,509351014400,50.2,12688762,3315767,111249767936,81900008960,7670,1562,853165848,5910067228,1987036,5103817,0,0,0,0
1703841551.1777205,30105.75,16416.9375,3428715.9999999995,1260.265625,800.328125,1677122632,905991829,0,1755053005,3.87,1.27,0.47,16642998272,13684842496,2958155776,82.2,0,0,16832106496,2990395392,82.2,13841711104,2990395392,1023074627584,513723645952,509350981632,50.2,12688776,3315790,111249825280,81900201472,7670,1562,853166011,5910071603,1987039,5103823,0,0,0,0
1703841552.1793005,30106.171875,16417.515625,3428727.1406249995,1260.265625,800.34375,1677133989,906004667,0,1755086469,3.73,1.29,0.48,16642998272,13707939840,2935058432,82.4,0,0,16832106496,2808381440,83.3,14023725056,2808381440,1023074627584,513723752448,509350875136,50.2,12688788,3315800,111249874432,81900361216,7670,1562,853214915,5910075241,1987044,5103835,0,0,0,0
1703841553.1805336,30106.734375,16417.84375,3428738.2187499995,1260.265625,800.375,1677150550,906015703,0,1755140502,3.73,1.29,0.48,16642998272,13674278912,2968719360,82.2,0,0,16832106496,3002245120,82.2,13829861376,3002245120,1023074627584,513723752448,509350875136,50.2,12688809,3315814,111249960448,81900590592,7670,1562,853215538,5910080225,1987053,5103848,0,0,0,0
1703841554.1813257,30107.21875,16418.15625,3428749.5468749995,1260.265625,800.40625,1677161078,906026972,0,1755174213,3.73,1.29,0.48,16642998272,13717843968,2925154304,82.4,0,0,16832106496,2797858816,83.4,14034247680,2797858816,1023074627584,513723822080,509350805504,50.2,12688821,3315816,111250136576,81900627456,7670,1562,853265131,5910083917,1987057,5103862,0,0,0,0
1703841555.1829617,30107.390625,16418.484375,3428760.8749999995,1260.28125,800.421875,1677175945,906036630,0,1755227250,3.73,1.29,0.48,16642998272,13666508800,2976489472,82.1,0,0,16832106496,3216744448,80.9,13615362048,3216744448,1023074627584,513723850752,509350776832,50.2,12688827,3315826,111250161152,81900750336,7670,1562,853265185,5910088207,1987058,5103867,0,0,0,0
1703841556.1852212,30107.515625,16418.609375,3428772.5624999995,1260.28125,800.421875,1677187878,906045698,0,1755269006,3.73,1.29,0.48,16642998272,13667627008,2975371264,82.1,0,0,16832106496,3217162240,80.9,13614944256,3217162240,1023074627584,513723924480,509350703104,50.2,12688854,3315841,111250308608,81900934656,7670,1562,853320637,5910097566,1987085,5103907,0,0,0,0
1703841557.1863873,30107.6875,16418.703125,3428784.4218749995,1260.296875,800.421875,1677200177,906052750,0,1755322307,3.43,1.26,0.48,16642998272,13654278144,2988720128,82.0,0,0,16832106496,3218919424,80.9,13613187072,3218919424,1023074627584,513723949056,509350678528,50.2,12688917,3315851,111250566656,81901094400,7670,1562,853323436,5910102298,1987092,5103914,0,0,0,0
1703841558.1898358,30107.890625,16418.890625,3428796.0468749995,1260.3125,800.453125,1677210826,906057743,0,1755359622,3.43,1.26,0.48,16642998272,13657890816,2985107456,82.1,0,0,16832106496,3220697088,80.9,13611409408,3220697088,1023074627584,513724018688,509350608896,50.2,12688967,3315883,111250771456,81901397504,7670,1562,853377946,5910112694,1987107,5103939,0,0,0,0
1703841559.207638,30115.625,16420.09375,3428799.3906249995,1260.375,800.46875,1677247821,906088622,0,1755562304,3.43,1.26,0.48,16642998272,13690949632,2952048640,82.3,0,0,16832106496,3060600832,81.8,13771505664,3060600832,1023074627584,513724178432,509350449152,50.2,12688982,3315896,111250832896,81901639168,7670,1562,853386241,5910117715,1987112,5103948,0,0,0,0
1703841560.2136261,30127.34375,16420.484375,3428799.3906249995,1260.453125,800.5,1677258203,906114520,0,1755585178,3.43,1.26,0.48,16642998272,13687959552,2955038720,82.2,0,0,16832106496,3060371456,81.8,13771735040,3060371456,1023074627584,513724182528,509350445056,50.2,12688991,3315905,111250869760,81901786624,7670,1562,853436188,5910123845,1987120,5103970,0,0,0,0
1703841561.2152815,30128.703125,16420.75,3428809.6562499995,1260.453125,800.53125,1677273923,906125147,0,1755646978,3.43,1.26,0.48,16642998272,13651599360,2991398912,82.0,0,0,16832106496,3223748608,80.8,13608357888,3223748608,1023074627584,513724252160,509350375424,50.2,12689010,3315911,111250947584,81901839872,7670,1562,853488711,5910132140,1987128,5103994,0,0,0,0
1703841562.218085,30128.796875,16420.875,3428821.4999999995,1260.453125,800.546875,1677283028,906130616,0,1755680599,3.15,1.24,0.47,16642998272,13655371776,2987626496,82.0,0,0,16832106496,3224309760,80.8,13607796736,3224309760,1023074627584,513724559360,509350068224,50.2,12689023,3315938,111251090944,81902269952,7670,1562,853544341,5910140302,1987144,5104015,0,0,0,0
1703841563.219716,30128.953125,16420.921875,3428833.2812499995,1260.46875,800.546875,1677291548,906135369,0,1755709350,3.15,1.24,0.47,16642998272,13651083264,2991915008,82.0,0,0,16832106496,3225030656,80.8,13607075840,3225030656,1023074627584,513724477440,509350150144,50.2,12689046,3315959,111251246592,81902503424,7670,1562,853544788,5910148281,1987150,5104025,0,0,0,0
1703841564.2205272,30129.1875,16421.234375,3428844.8124999995,1260.46875,800.59375,1677308947,906144684,0,1755788929,3.15,1.24,0.47,16642998272,13651066880,2991931392,82.0,0,0,16832106496,3227799552,80.8,13604306944,3227799552,1023074627584,513724628992,509349998592,50.2,12689051,3315975,111251267072,81902634496,7670,1562,853596121,5910152318,1987156,5104045,0,0,0,0
1703841565.221318,30129.59375,16421.453125,3428856.1874999995,1260.484375,800.609375,1677340076,906159516,0,1755951488,3.15,1.24,0.47,16642998272,13634211840,3008786432,81.9,0,0,16832106496,3160883200,81.2,13671223296,3160883200,1023074627584,513724760064,509349867520,50.2,12689069,3315990,111251402240,81902745088,7670,1562,853599942,5910157458,1987167,5104059,0,0,0,0
1703841566.2236454,30130.96875,16422.25,3428865.9843749995,1260.5625,800.625,1677378573,906180586,0,1756164097,3.15,1.24,0.47,16642998272,13680992256,2962006016,82.2,0,0,16832106496,3094507520,81.6,13737598976,3094507520,1023074627584,513724723200,509349904384,50.2,12689080,3316021,111251566080,81903183360,7670,1562,853652062,5910161327,1987173,5104076,0,0,0,0
1703841567.2253814,30131.03125,16422.4375,3428877.8437499995,1260.59375,800.640625,1677391953,906188059,0,1756222040,2.9,1.22,0.47,16642998272,13664182272,2978816000,82.1,0,0,16832106496,3103735808,81.6,13728370688,3103735808,1023074627584,513724821504,509349806080,50.2,12689107,3316044,111251676672,81903486464,7670,1562,853654449,5910165612,1987175,5104081,0,0,0,0
1703841568.2272606,30131.234375,16423.0,3428889.0624999995,1260.609375,800.65625,1677409827,906199753,0,1756289467,2.9,1.22,0.47,16642998272,13652008960,2990989312,82.0,0,0,16832106496,3219099648,80.9,13613006848,3219099648,1023074627584,513725198336,509349429248,50.2,12689196,3316079,111252102656,81904727552,7670,1562,853708758,5910170580,1987183,5104099,0,0,0,0
1703841569.2305293,30131.328125,16423.234375,3428900.7812499995,1260.609375,800.65625,1677420879,906208031,0,1756325690,2.9,1.22,0.47,16642998272,13652566016,2990432256,82.0,0,0,16832106496,3219599360,80.9,13612507136,3219599360,1023074627584,513725198336,509349429248,50.2,12689210,3316081,111252160000,81904743936,7670,1562,853719698,5910175523,1987188,5104108,0,0,0,0
1703841570.2321925,30131.390625,16423.328125,3428912.6874999995,1260.625,800.671875,1677430574,906214170,0,1756363110,2.9,1.22,0.47,16642998272,13648171008,2994827264,82.0,0,0,16832106496,3229884416,80.8,13602222080,3229884416,1023074627584,513725349888,509349277696,50.2,12689214,3316112,111252176384,81904977408,7670,1562,853773346,5910179401,1987193,5104124,0,0,0,0
1703841571.2338376,30131.625,16423.546875,3428924.1562499995,1260.625,800.671875,1677465301,906232966,0,1756548725,2.9,1.22,0.47,16642998272,13650071552,2992926720,82.0,0,0,16832106496,3148890112,81.3,13683216384,3148890112,1023074627584,513721298944,509353328640,50.2,12689223,3316136,111252213248,81905272320,7670,1562,853775788,5910183758,1987196,5104130,0,0,0,0
1703841572.23474,30139.953125,16424.546875,3428926.8906249995,1260.640625,800.6875,1677501520,906264106,0,1756762198,2.83,1.24,0.48,16642998272,13691600896,2951397376,82.3,0,0,16832106496,3067473920,81.8,13764632576,3067473920,1023074627584,513721511936,509353115648,50.2,12689236,3316161,111252266496,81905616384,7670,1562,853830228,5910187618,1987204,5104147,0,0,0,0
1703841573.2374291,30151.65625,16424.90625,3428926.8906249995,1260.6875,800.6875,1677511383,906290911,0,1756785458,2.83,1.24,0.48,16642998272,13689704448,2953293824,82.3,0,0,16832106496,3065475072,81.8,13766631424,3065475072,1023074627584,513721589760,509353037824,50.2,12689252,3316166,111252332032,81905698304,7670,1562,853833270,5910191970,1987213,5104153,0,0,0,0
1703841574.2394025,30153.296875,16425.140625,3428936.9531249995,1260.703125,800.6875,1677523659,906300432,0,1756831476,2.83,1.24,0.48,16642998272,13637877760,3005120512,81.9,0,0,16832106496,3257630720,80.6,13574475776,3257630720,1023074627584,513721753600,509352873984,50.2,12689268,3316189,111252422144,81905968640,7670,1562,853888392,5910193064,1987218,5104172,0,0,0,0
1703841575.2429917,30161.75,16426.46875,3428939.3124999995,1260.71875,800.6875,1677569909,906335508,0,1757129342,2.83,1.24,0.48,16642998272,13676257280,2966740992,82.2,0,0,16832106496,3087491072,81.7,13744615424,3087491072,1023074627584,513720819712,509353807872,50.2,12689281,3316218,111253001728,81906521600,7670,1562,853948956,5910211010,1987245,5104210,0,0,0,0
1703841576.245526,30173.5,16426.765625,3428939.3124999995,1260.734375,800.6875,1677580318,906361498,0,1757155706,2.83,1.24,0.48,16642998272,13673725952,2969272320,82.2,0,0,16832106496,3082858496,81.7,13749248000,3082858496,1023074627584,513720918016,509353709568,50.2,12689293,3316257,111253050880,81907332608,7670,1562,854007412,5910219136,1987255,5104231,0,0,0,0
1703841577.2470837,30176.515625,16427.734375,3428947.2499999995,1260.734375,800.6875,1677619632,906386056,0,1757388853,7.0,2.12,0.78,16642998272,13657669632,2985328640,82.1,0,0,16832106496,3101794304,81.6,13730312192,3101794304,1023074627584,513720999936,509353627648,50.2,12689306,3316263,111253173760,81907402240,7670,1562,854068384,5910230556,1987263,5104259,0,0,0,0
1703841578.250353,30176.609375,16427.78125,3428959.1874999995,1260.734375,800.6875,1677635831,906395020,0,1757453937,7.0,2.12,0.78,16642998272,13663326208,2979672064,82.1,0,0,16832106496,3105775616,81.5,13726330880,3105775616,1023074627584,513721036800,509353590784,50.2,12689319,3316298,111253227008,81908381184,7670,1562,854068522,5910234953,1987265,5104266,0,0,0,0
1703841579.2521183,30176.828125,16428.234375,3428970.4687499995,1260.75,800.6875,1677654746,906407791,0,1757529640,7.0,2.12,0.78,16642998272,13640929280,3002068992,82.0,0,0,16832106496,3233009664,80.8,13599096832,3233009664,1023074627584,513721118720,509353508864,50.2,12689338,3316319,111253304832,81908565504,7670,1562,854136410,5910239915,1987272,5104293,0,0,0,0
1703841580.2542005,30176.96875,16428.359375,3428982.2499999995,1260.75,800.6875,1677668961,906418103,0,1757571664,7.0,2.12,0.78,16642998272,13638168576,3004829696,81.9,0,0,16832106496,3233394688,80.8,13598711808,3233394688,1023074627584,513721118720,509353508864,50.2,12689361,3316329,111253399040,81908680192,7670,1562,854136572,5910244250,1987275,5104298,0,0,0,0
1703841581.2543685,30177.375,16428.578125,3428993.5937499995,1260.75,800.6875,1677703478,906437240,0,1757742762,7.0,2.12,0.78,16642998272,13631201280,3011796992,81.9,0,0,16832106496,3158745088,81.2,13673361408,3158745088,1023074627584,513721212928,509353414656,50.2,12689384,3316349,111253546496,81908860416,7670,1562,854196598,5910248037,1987280,5104313,0,0,0,0
1703841582.2580504,30177.546875,16428.828125000466,3429005.2968749995,1260.765625,800.6875,1677726061,906449662,0,1757829519,6.44,2.09,0.78,16642998272,13633585152,3009413120,81.9,0,0,16832106496,3247374336,80.7,13584732160,3247374336,1023074627584,513721245696,509353381888,50.2,12689399,3316369,111253607936,81909138944,7670,1562,854196652,5910252190,1987281,5104316,0,0,0,0
1703841583.259858,30177.65625,16428.953125000466,3429017.0624999995,1260.765625,800.703125,1677735901,906454985,0,1757860220,6.44,2.09,0.78,16642998272,13633212416,3009785856,81.9,0,0,16832106496,3247788032,80.7,13584318464,3247788032,1023074627584,513721323520,509353304064,50.2,12689421,3316397,111253698048,81909388800,7670,1562,854255090,5910256162,1987284,5104335,0,0,0,0
1703841584.2627869,30177.71875,16429.062500000466,3429028.9531249995,1260.78125,800.703125,1677745508,906460100,0,1757902027,6.44,2.09,0.78,16642998272,13634363392,3008634880,81.9,0,0,16832106496,3249274880,80.7,13582831616,3249274880,1023074627584,513721331712,509353295872,50.2,12689441,3316399,111253779968,81909409280,7670,1562,854257617,5910260455,1987288,5104340,0,0,0,0
1703841585.2649221,30177.78125,16429.171875000466,3429040.7656249995,1260.828125,800.734375,1677754365,906465021,0,1757932065,6.44,2.09,0.78,16642998272,13637259264,3005739008,81.9,0,0,16832106496,3247955968,80.7,13584150528,3247955968,1023074627584,513721425920,509353201664,50.2,12689473,3316421,111253911040,81909671424,7670,1562,854319195,5910264212,1987293,5104355,0,0,0,0
1703841586.268623,30177.90625,16429.250000000466,3429052.6406249995,1260.84375,800.75,1677768544,906473386,0,1757992598,6.44,2.09,0.78,16642998272,13632495616,3010502656,81.9,0,0,16832106496,3249459200,80.7,13582647296,3249459200,1023074627584,513721454592,509353172992,50.2,12689536,3316439,111254205952,81909818880,7670,1562,854320343,5910269599,1987298,5104363,0,0,0,0
1703841587.2708664,30178.109375,16429.468750000466,3429064.2812499995,1260.890625,800.78125,1677778660,906478988,0,1758023584,5.93,2.05,0.77,16642998272,13636898816,3006099456,81.9,0,0,16832106496,3249623040,80.7,13582483456,3249623040,1023074627584,513721532416,509353095168,50.2,12689552,3316456,111254271488,81909966336,7670,1562,854382726,5910273514,1987303,5104381,0,0,0,0
1703841588.2727923,30178.25,16429.562500000466,3429076.0156249995,1260.890625,800.78125,1677789916,906485235,0,1758062513,5.93,2.05,0.77,16642998272,13638574080,3004424192,81.9,0,0,16832106496,3241422848,80.7,13590683648,3241422848,1023074627584,513721532416,509353095168,50.2,12689581,3316459,111254451712,81910048256,7670,1562,854387253,5910280424,1987313,5104391,0,0,0,0
1703841589.2756598,30178.375,16429.734375000466,3429087.6874999995,1260.90625,800.796875,1677803275,906494068,0,1758111002,5.93,2.05,0.77,16642998272,13638029312,3004968960,81.9,0,0,16832106496,3220180992,80.9,13611925504,3220180992,1023074627584,513721622528,509353005056,50.2,12689594,3316474,111254504960,81910208000,7670,1562,854458900,5910284922,1987324,5104418,0,0,0,0
1703841590.2768972,30178.484375,16429.906250000466,3429099.5156249995,1260.9375,800.796875,1677819231,906505221,0,1758170793,5.93,2.05,0.77,16642998272,13636202496,3006795776,81.9,0,0,16832106496,3225141248,80.8,13606965248,3225141248,1023074627584,513721651200,509352976384,50.2,12689636,3316488,111254738432,81910351360,7670,1562,854470018,5910290953,1987333,5104430,0,0,0,0
1703841591.2804668,30179.359375,16430.71875,3429109.78125,1260.96875,800.8125,1677854391,906524982,0,1758356129,5.93,2.05,0.77,16642998272,13669769216,2973229056,82.1,0,0,16832106496,3106123776,81.5,13725982720,3106123776,1023074627584,513721860096,509352767488,50.2,12689641,3316502,111254758912,81910560256,7670,1562,854531745,5910292296,1987339,5104452,0,0,0,0
1703841592.2839775,30179.4375,16430.84375,3429121.671875,1260.984375,800.828125,1677867235,906532412,0,1758391927,5.45,2.02,0.77,16642998272,13660389376,2982608896,82.1,0,0,16832106496,3107647488,81.5,13724459008,3107647488,1023074627584,513721991168,509352636416,50.2,12689647,3316509,111254828544,81910687232,7670,1562,854598438,5910303696,1987346,5104480,0,0,0,0
1703841593.2881951,30179.5625,16431.0625,3429133.359375,1261.0,800.828125,1677880164,906539592,0,1758430484,5.45,2.02,0.77,16642998272,13630427136,3012571136,81.9,0,0,16832106496,3250425856,80.7,13581680640,3250425856,1023074627584,513721978880,509352648704,50.2,12689660,3316523,111254881792,81910842880,7670,1562,854598841,5910308286,1987352,5104489,0,0,0,0
1703841594.2908912,30179.765625,16431.21875,3429145.046875,1261.046875,800.828125,1677898210,906549437,0,1758510147,5.45,2.02,0.77,16642998272,13636083712,3006914560,81.9,0,0,16832106496,3251970048,80.7,13580136448,3251970048,1023074627584,513722052608,509352574976,50.2,12689687,3316535,111254992384,81910978048,7670,1562,854664038,5910312008,1987358,5104503,0,0,0,0
1703841595.2927196,30180.015625,16431.28125,3429156.6875,1261.0625,800.828125,1677906843,906554124,0,1758538868,5.45,2.02,0.77,16642998272,13634555904,3008442368,81.9,0,0,16832106496,3254169600,80.7,13577936896,3254169600,1023074627584,513721991168,509352636416,50.2,12689710,3316544,111255086592,81911035392,7670,1562,854664455,5910316613,1987362,5104509,0,0,0,0
1703841596.2941592,30180.171875,16431.4375,3429168.546875,1261.0625,800.84375,1677917535,906560140,0,1758587712,5.45,2.02,0.77,16642998272,13634187264,3008811008,81.9,0,0,16832106496,3246268416,80.7,13585838080,3246268416,1023074627584,513722220544,509352407040,50.2,12689731,3316552,111255172608,81911137792,7670,1562,854727844,5910317397,1987364,5104523,0,0,0,0
1703841597.2949717,30180.46875,16431.703125,3429179.96875,1261.0625,800.859375,1677952075,906579460,0,1758772785,5.02,1.99,0.76,16642998272,13627662336,3015335936,81.9,0,0,16832106496,3165925376,81.2,13666181120,3165925376,1023074627584,513722314752,509352312832,50.2,12689760,3316584,111255352832,81911580160,7670,1562,854794309,5910328754,1987372,5104550,0,0,0,0
1703841598.2980266,30180.75,16431.96875,3429191.3125,1261.109375,800.875,1677970999,906590160,0,1758856067,5.02,1.99,0.76,16642998272,13636669440,3006328832,81.9,0,0,16832106496,3256086528,80.7,13576019968,3256086528,1023074627584,513722540032,509352087552,50.2,12689802,3316620,111255758336,81912415744,7670,1562,854796974,5910333330,1987380,5104557,0,0,0,0
1703841599.3012102,30180.8125,16432.125,3429203.1875,1261.125,800.90625,1677979538,906594870,0,1758885166,5.02,1.99,0.76,16642998272,13640568832,3002429440,82.0,0,0,16832106496,3256004608,80.7,13576101888,3256004608,1023074627584,513722609664,509352017920,50.2,12689816,3316622,111255815680,81912452608,7670,1562,854863891,5910337270,1987384,5104575,0,0,0,0
1703841600.3025544,30181.25,16432.34375,3429214.59375,1261.125,800.90625,1677991446,906603408,0,1758919257,5.02,1.99,0.76,16642998272,13652041728,2990956544,82.0,0,0,16832106496,3038359552,81.9,13793746944,3038359552,1023074627584,513722642432,509351985152,50.2,12689837,3316642,111255901696,81912972800,7670,1562,854872493,5910342224,1987388,5104584,0,0,0,0
1703841601.3037422,30181.421875,16432.65625,3429226.140625,1261.125,800.90625,1678009698,906619054,0,1758981852,5.02,1.99,0.76,16642998272,13687037952,2955960320,82.2,0,0,16832106496,2831200256,83.2,14000906240,2831200256,1023074627584,513721425920,509353201664,50.2,12689849,3316659,111255950848,81913230848,7670,1562,854940402,5910346503,1987396,5104608,0,0,0,0
1703841602.305538,30181.78125,16433.3125,3429237.140625,1261.171875,800.921875,1678020784,906629693,0,1759013336,4.61,1.95,0.76,16642998272,13644513280,2998484992,82.0,0,0,16832106496,3114786816,81.5,13717319680,3114786816,1023074627584,513721516032,509353111552,50.2,12689865,3316679,111256016384,81913509376,7670,1562,854940456,5910350685,1987397,5104611,0,0,0,0
1703841603.3066542,30182.28125,16433.625,3429248.484375,1261.171875,800.921875,1678032769,906639929,0,1759049130,4.61,1.95,0.76,16642998272,13667192832,2975805440,82.1,0,0,16832106496,2891788288,82.8,13940318208,2891788288,1023074627584,513721651200,509352976384,50.2,12689889,3316686,111256114688,81913640448,7670,1562,855009410,5910356097,1987405,5104634,0,0,0,0
1703841604.3076787,30187.875,16434.984375,3429253.4375,1261.234375,800.921875,1678074685,906670832,0,1759280876,4.61,1.95,0.76,16642998272,13662609408,2980388864,82.1,0,0,16832106496,3116539904,81.5,13715566592,3116539904,1023074627584,513721810944,509352816640,50.2,12689910,3316705,111256200704,81913808384,7670,1562,855009573,5910360316,1987408,5104638,0,0,0,0
1703841605.31664,30199.578125,16435.390625,3429253.4375,1261.25,800.953125,1678087989,906698949,0,1759307372,4.61,1.95,0.76,16642998272,13665546240,2977452032,82.1,0,0,16832106496,3117719552,81.5,13714386944,3117719552,1023074627584,513721888768,509352738816,50.2,12689931,3316720,111256286720,81914033664,7670,1562,855010075,5910360600,1987411,5104640,0,0,0,0
1703841606.3184552,30203.625,16436.015625,3429260.78125,1261.28125,800.953125,1678106304,906715745,0,1759362666,4.61,1.95,0.76,16642998272,13628030976,3014967296,81.9,0,0,16832106496,3271819264,80.6,13560287232,3271819264,1023074627584,513721987072,509352640512,50.2,12689966,3316747,111256675840,81914729984,7670,1562,855146678,5910372754,1987420,5104681,0,0,0,0
1703841607.3194854,30203.84375,16436.203125,3429272.328125,1261.28125,800.953125,1678122589,906725457,0,1759430167,4.25,1.92,0.75,16642998272,13625937920,3017060352,81.9,0,0,16832106496,3276636160,80.5,13555470336,3276636160,1023074627584,513722134528,509352493056,50.2,12689988,3316749,111256806912,81914766848,7670,1562,855149061,5910377049,1987422,5104686,0,0,0,0
1703841608.321266,30205.71875,16437.359375,3429281.359375,1261.28125,800.953125,1678170256,906753343,0,1759709949,4.25,1.92,0.75,16642998272,13649403904,2993594368,82.0,0,0,16832106496,3132100608,81.4,13700005888,3132100608,1023074627584,513722843136,509351784448,50.2,12690012,3316788,111256905216,81915790848,7670,1562,855217100,5910377665,1987426,5104697,0,0,0,0
1703841609.3214774,30205.953125,16437.4375,3429293.03125,1261.28125,800.953125,1678182158,906760252,0,1759780120,4.25,1.92,0.75,16642998272,13652226048,2990772224,82.0,0,0,16832106496,3136163840,81.4,13695942656,3136163840,1023074627584,513722966016,509351661568,50.2,12690030,3316812,111257224704,81916179968,7670,1562,855217100,5910377721,1987426,5104698,0,0,0,0
1703841610.3256967,30206.453125,16437.78125,3429304.375,1261.328125,800.984375,1678198477,906770597,0,1759847105,4.25,1.92,0.75,16642998272,13637951488,3005046784,81.9,0,0,16832106496,3275747328,80.5,13556359168,3275747328,1023074627584,513723211776,509351415808,50.2,12690043,3316832,111257609728,81916372480,7670,1562,855299283,5910389252,1987436,5104728,0,0,0,0
1703841611.328664,30206.640625,16438.0625,3429315.734375,1261.34375,800.984375,1678219612,906784600,0,1759941763,4.25,1.92,0.75,16642998272,13635502080,3007496192,81.9,0,0,16832106496,3273867264,80.5,13558239232,3273867264,1023074627584,513723736064,509350891520,50.2,12690052,3316839,111257646592,81916519936,7670,1562,855304735,5910394377,1987443,5104740,0,0,0,0
1703841612.3297973,30207.15625,16438.3125,3429327.125,1261.34375,801.0,1678232850,906794560,0,1759994828,3.91,1.89,0.75,16642998272,13645029376,2997968896,82.0,0,0,16832106496,3113394176,81.5,13718712320,3113394176,1023074627584,513723887616,509350739968,50.2,12690069,3316860,111257716224,81916827136,7670,1562,855376854,5910399297,1987451,5104765,0,0,0,0
1703841613.3309097,30207.875,16438.640625,3429338.09375,1261.34375,801.0,1678264201,906816203,0,1760141639,3.91,1.89,0.75,16642998272,13673152512,2969845760,82.2,0,0,16832106496,2838245376,83.1,13993861120,2838245376,1023074627584,513723920384,509350707200,50.2,12690078,3316890,111257753088,81917179392,7670,1562,855378714,5910410302,1987462,5104779,0,0,0,0
1703841614.3338976,30209.546875,16439.859375,3429347.109375,1261.34375,801.0,1678301089,906842042,0,1760336226,3.91,1.89,0.75,16642998272,13647847424,2995150848,82.0,0,0,16832106496,3128152064,81.4,13703954432,3128152064,1023074627584,513724084224,509350543360,50.2,12690096,3316893,111257826816,81917257216,7670,1562,855451335,5910414171,1987466,5104796,0,0,0,0
1703841615.3366413,30209.6875,16440.171875,3429358.6875,1261.390625,801.015625,1678316542,906850458,0,1760405180,3.91,1.89,0.75,16642998272,13643350016,2999648256,82.0,0,0,16832106496,3129413632,81.4,13702692864,3129413632,1023074627584,513724047360,509350580224,50.2,12690112,3316918,111257892352,81917601280,7670,1562,855451389,5910418320,1987467,5104799,0,0,0,0
1703841616.3372216,30209.921875,16440.421875,3429370.25,1261.40625,801.03125,1678326452,906856777,0,1760446560,3.91,1.89,0.75,16642998272,13635428352,3007569920,81.9,0,0,16832106496,3279945728,80.5,13552160768,3279945728,1023074627584,513722925056,509351702528,50.2,12690155,3316951,111258191360,81918027264,7670,1562,855525725,5910422459,1987473,5104821,0,0,0,0
1703841617.3407543,30210.0,16440.578125,3429382.078125,1261.40625,801.03125,1678336487,906862424,0,1760478145,3.59,1.86,0.75,16642998272,13623681024,3019317248,81.9,0,0,16832106496,3272785920,80.6,13559320576,3272785920,1023074627584,513722953728,509351673856,50.2,12690164,3316975,111258228224,81918174720,7670,1562,855525833,5910427697,1987475,5104826,0,0,0,0
1703841618.3424337,30210.265625,16440.875,3429393.453125,1261.4375,801.046875,1678349059,906869490,0,1760526247,3.59,1.86,0.75,16642998272,13625942016,3017056256,81.9,0,0,16832106496,3272658944,80.6,13559447552,3272658944,1023074627584,513723031552,509351596032,50.2,12690186,3316982,111258441216,81918539264,7670,1562,855601551,5910433208,1987482,5104853,0,0,0,0
1703841619.3442335,30210.59375,16441.125,3429404.875,1261.5,801.046875,1678365923,906879077,0,1760586604,3.59,1.86,0.75,16642998272,13625077760,3017920512,81.9,0,0,16832106496,3274706944,80.5,13557399552,3274706944,1023074627584,513723133952,509351493632,50.2,12690196,3317007,111258482176,81918719488,7670,1562,855601715,5910437569,1987485,5104859,0,0,0,0
1703841620.3475885,30211.671875,16441.890624999534,3429415.15625,1261.5625,801.078125,1678406750,906900996,0,1760782645,3.59,1.86,0.75,16642998272,13662666752,2980331520,82.1,0,0,16832106496,3138789376,81.4,13693317120,3138789376,1023074627584,513723228160,509351399424,50.2,12690207,3317034,111258650112,81918989824,7671,1562,855676666,5910441810,1987491,5104882,0,0,0,0
1703841621.349731,30211.875,16442.156249999534,3429426.671875,1261.609375,801.125,1678423142,906909877,0,1760844848,3.59,1.86,0.75,16642998272,13655420928,2987577344,82.0,0,0,16832106496,3136376832,81.4,13695729664,3136376832,1023074627584,513723330560,509351297024,50.2,12690222,3317061,111258711552,81919206912,7671,1562,855676884,5910446113,1987495,5104887,0,0,0,0
1703841622.3515983,30212.15625,16442.671874999534,3429437.875,1261.625,801.125,1678436036,906918475,0,1760892102,3.47,1.86,0.75,16642998272,13634412544,3008585728,81.9,0,0,16832106496,3265314816,80.6,13566791680,3265314816,1023074627584,513723396096,509351231488,50.2,12690237,3317061,111258772992,81919206912,7671,1562,855758398,5910450550,1987502,5104906,0,0,0,0
1703841623.3526902,30212.4375,16442.843749999534,3429449.46875,1261.640625,801.125,1678452896,906930045,0,1760950652,3.47,1.86,0.75,16642998272,13622718464,3020279808,81.9,0,0,16832106496,3254652928,80.7,13577453568,3254652928,1023074627584,513723494400,509351133184,50.2,12690255,3317086,111258846720,81919481344,7671,1562,855761145,5910455103,1987507,5104914,0,0,0,0
1703841624.3546116,30212.578125,16443.015624999534,3429461.171875,1261.703125,801.140625,1678463686,906937352,0,1760989369,3.47,1.86,0.75,16642998272,13625188352,3017809920,81.9,0,0,16832106496,3268198400,80.6,13563908096,3268198400,1023074627584,513723498496,509351129088,50.2,12690282,3317109,111259018752,81919620608,7671,1562,855837826,5910459618,1987515,5104941,0,0,0,0
1703841625.3568425,30212.6875,16443.124999999534,3429472.96875,1261.71875,801.140625,1678475504,906944990,0,1761037872,3.47,1.86,0.75,16642998272,13635321856,3007676416,81.9,0,0,16832106496,3266641920,80.6,13565464576,3266641920,1023074627584,513723527168,509351100416,50.2,12690291,3317141,111259055616,81919862272,7671,1562,855838671,5910464254,1987524,5104950,0,0,0,0
1703841626.3585162,30212.828125,16443.437499999534,3429484.625,1261.734375,801.140625,1678492989,906957259,0,1761102708,3.47,1.86,0.75,16642998272,13619957760,3023040512,81.8,0,0,16832106496,3254251520,80.7,13577854976,3254251520,1023074627584,513723592704,509351034880,50.2,12690312,3317144,111259141632,81920050688,7671,1562,855914006,5910468647,1987532,5104975,0,0,0,0
1703841627.3598623,30213.078125,16443.859374999534,3429495.921875,1261.734375,801.140625,1678518825,906973609,0,1761227297,3.19,1.83,0.75,16642998272,13616558080,3026440192,81.8,0,0,16832106496,3250487296,80.7,13581619200,3250487296,1023074627584,513723400192,509351227392,50.2,12690322,3317210,111259194880,81923716608,7671,1562,855916603,5910472912,1987537,5104980,0,0,0,0
1703841628.3608356,30213.484375,16444.296874999534,3429507.125,1261.75,801.140625,1678538807,906988322,0,1761326976,3.19,1.83,0.75,16642998272,13633101824,3009896448,81.9,0,0,16832106496,3249745920,80.7,13582360576,3249745920,1023074627584,513724137472,509350490112,50.2,12690358,3317246,111259379200,81924380160,7671,1562,855916905,5910472966,1987543,5104981,0,0,0,0
1703841629.361268,30214.03125,16444.531249999534,3429518.328125,1261.765625,801.140625,1678574101,907009989,0,1761519289,3.19,1.83,0.75,16642998272,13594693632,3048304640,81.7,0,0,16832106496,3150774272,81.3,13681332224,3150774272,1023074627584,513724329984,509350297600,50.2,12690426,3317253,111260922880,81924474368,7671,1562,856073316,5910485307,1987553,5105025,0,0,0,0
1703841630.3638568,30214.203125,16444.593749999534,3429530.078125,1261.765625,801.140625,1678597224,907022817,0,1761601729,3.19,1.83,0.75,16642998272,13594234880,3048763392,81.7,0,0,16832106496,3238739968,80.8,13593366528,3238739968,1023074627584,513724485632,509350141952,50.2,12690449,3317281,111261078528,81924793856,7671,1562,856073479,5910489526,1987556,5105029,0,0,0,0
1703841631.3649025,30214.53125,16444.765624999534,3429541.625,1261.78125,801.15625,1678621736,907036748,0,1761726672,3.19,1.83,0.75,16642998272,13601947648,3041050624,81.7,0,0,16832106496,3184418816,81.1,13647687680,3184418816,1023074627584,513724436480,509350191104,50.2,12690479,3317302,111261201408,81925125632,7671,1562,856150371,5910493882,1987561,5105054,0,0,0,0
1703841632.3670795,30214.71875,16444.921874999534,3429553.265625,1261.8125,801.15625,1678636420,907045117,0,1761806072,2.93,1.8,0.75,16642998272,13594812416,3048185856,81.7,0,0,16832106496,3245285376,80.7,13586821120,3245285376,1023074627584,513724538880,509350088704,50.2,12690502,3317322,111261324288,81925334528,7671,1562,856161825,5910498902,1987570,5105064,0,0,0,0
1703841633.3712344,30214.828125,16445.015624999534,3429565.265625,1261.8125,801.171875,1678645837,907050780,0,1761847302,2.93,1.8,0.75,16642998272,13600903168,3042095104,81.7,0,0,16832106496,3247640576,80.7,13584465920,3247640576,1023074627584,513724473344,509350154240,50.2,12690520,3317334,111261398016,81925506560,7671,1562,856245752,5910513176,1987598,5105103,0,0,0,0
1703841634.374439,30214.96875,16445.093749999534,3429576.9375,1261.8125,801.1875,1678659618,907058204,0,1761904542,2.93,1.8,0.75,16642998272,13594501120,3048497152,81.7,0,0,16832106496,3246448640,80.7,13585657856,3246448640,1023074627584,513724571648,509350055936,50.2,12690532,3317353,111261463552,81925658112,7671,1562,856246344,5910517506,1987604,5105108,0,0,0,0
1703841635.377171,30215.109375,16445.249999999534,3429588.703125,1261.8125,801.1875,1678670841,907064916,0,1761938497,2.93,1.8,0.75,16642998272,13594537984,3048460288,81.7,0,0,16832106496,3246850048,80.7,13585256448,3246850048,1023074627584,513724575744,509350051840,50.2,12690572,3317370,111261627392,81925830144,7671,1562,856329101,5910525395,1987622,5105140,0,0,0,0
1703841636.3786588,30215.328125,16445.390624999534,3429600.328125,1261.8125,801.1875,1678683029,907071435,0,1761988045,2.93,1.8,0.75,16642998272,13595328512,3047669760,81.7,0,0,16832106496,3245113344,80.7,13586993152,3245113344,1023074627584,513724669952,509349957632,50.2,12690625,3317403,111262313984,81926510080,7671,1562,856329298,5910529658,1987624,5105145,0,0,0,0
1703841637.3811095,30215.59375,16445.593749999534,3429611.90625,1261.84375,801.203125,1678696234,907078624,0,1762028376,2.7,1.77,0.74,16642998272,13593825280,3049172992,81.7,0,0,16832106496,3250933760,80.7,13581172736,3250933760,1023074627584,513724628992,509349998592,50.2,12690648,3317405,111262895616,81926546944,7671,1562,856329631,5910529974,1987628,5105149,0,0,0,0
1703841638.3824077,30216.0625,16445.874999999534,3429623.171875,1261.859375,801.265625,1678712268,907088335,0,1762126127,2.7,1.77,0.74,16642998272,13589192704,3053805568,81.7,0,0,16832106496,3241431040,80.7,13590675456,3241431040,1023074627584,513723600896,509351026688,50.2,12690660,3317432,111263022592,81927423488,7671,1562,856329631,5910530030,1987628,5105150,0,0,0,0
1703841639.3852189,30216.21875,16446.046874999534,3429634.9375,1261.90625,801.28125,1678722502,907094225,0,1762173659,2.7,1.77,0.74,16642998272,13587079168,3055919104,81.6,0,0,16832106496,3239919616,80.8,13592186880,3239919616,1023074627584,513724248064,509350379520,50.2,12690681,3317472,111263133184,81928324608,7671,1562,856419471,5910538364,1987636,5105175,0,0,0,0
1703841640.3864665,30216.296875,16446.140624999534,3429646.796875,1261.90625,801.28125,1678732812,907100630,0,1762211810,2.7,1.77,0.74,16642998272,13591441408,3051556864,81.7,0,0,16832106496,3240521728,80.7,13591584768,3240521728,1023074627584,513724448768,509350178816,50.2,12690935,3317503,111264202240,81928615424,7671,1562,856504530,5910549867,1987643,5105205,0,0,0,0
1703841641.3884077,30216.5,16446.281249999534,3429658.359375,1261.90625,801.28125,1678747447,907108768,0,1762275579,2.7,1.77,0.74,16642998272,13585993728,3057004544,81.6,0,0,16832106496,3240595456,80.7,13591511040,3240595456,1023074627584,513724448768,509350178816,50.2,12690953,3317563,111264275968,81929152000,7671,1562,856504641,5910554084,1987647,5105209,0,0,0,0
1703841642.3904831,30216.59375,16446.421874999534,3429670.21875,1261.921875,801.28125,1678762158,907117224,0,1762317875,2.48,1.74,0.74,16642998272,13592252416,3050745856,81.7,0,0,16832106496,3242958848,80.7,13589147648,3242958848,1023074627584,513724604416,509350023168,50.2,12690979,3317591,111264382464,81929324032,7671,1562,856596922,5910558468,1987654,5105235,0,0,0,0
1703841643.3933892,30216.71875,16446.499999999534,3429682.046875,1261.9375,801.28125,1678771134,907122262,0,1762347976,2.48,1.74,0.74,16642998272,13585588224,3057410048,81.6,0,0,16832106496,3240976384,80.7,13591130112,3240976384,1023074627584,513724571648,509350055936,50.2,12691026,3317613,111264574976,81929582080,7671,1562,856608141,5910564547,1987664,5105245,0,0,0,0
1703841644.3939812,30216.890625,16446.640624999534,3429693.71875,1261.96875,801.28125,1678782233,907128433,0,1762391815,2.48,1.74,0.74,16642998272,13602738176,3040260096,81.7,0,0,16832106496,3233660928,80.8,13598445568,3233660928,1023074627584,513724702720,509349924864,50.2,12691051,3317615,111264677376,81929618944,7671,1562,856692387,5910568850,1987670,5105270,0,0,0,0
1703841645.3948104,30217.3125,16446.953124999534,3429704.921875,1261.984375,801.296875,1678819740,907148505,0,1762581333,2.48,1.74,0.74,16642998272,13522661376,3120336896,81.3,0,0,16832106496,3086684160,81.7,13745422336,3086684160,1023074627584,513724788736,509349838848,50.2,12691060,3317634,111264714240,81929807360,7671,1562,856692549,5910573222,1987673,5105276,0,0,0,0
1703841646.3978605,30217.484375,16447.140624999534,3429716.6875,1262.0,801.296875,1678829644,907154341,0,1762622755,2.48,1.74,0.74,16642998272,13519687680,3123310592,81.2,0,0,16832106496,3160391680,81.2,13671714816,3160391680,1023074627584,513724936192,509349691392,50.2,12691084,3317654,111264841216,81930053120,7671,1562,856778570,5910577690,1987681,5105303,0,0,0,0
1703841647.4003835,30217.625,16447.265624999534,3429728.453125,1262.015625,801.3125,1678838587,907158960,0,1762650681,2.29,1.71,0.73,16642998272,13515341824,3127656448,81.2,0,0,16832106496,3160535040,81.2,13671571456,3160535040,1023074627584,513724899328,509349728256,50.2,12691105,3317669,111264927232,81930233344,7671,1562,856778678,5910583067,1987683,5105311,0,0,0,0
1703841648.4023287,30218.015625,16447.437499999534,3429739.875,1262.015625,801.3125,1678852291,907166798,0,1762715417,2.29,1.71,0.73,16642998272,13549359104,3093639168,81.4,0,0,16832106496,3132325888,81.4,13699780608,3132325888,1023074627584,513724968960,509349658624,50.2,12691121,3317677,111264992768,81930307072,7671,1562,856863814,5910584486,1987694,5105331,0,0,0,0
1703841649.4057858,30218.34375,16447.640624999534,3429751.34375,1262.03125,801.3125,1678866794,907175010,0,1762772000,2.29,1.71,0.73,16642998272,13545349120,3097649152,81.4,0,0,16832106496,3128639488,81.4,13703467008,3128639488,1023074627584,513725120512,509349507072,50.2,12691162,3317701,111265193472,81930642944,7671,1562,856957720,5910610331,1987719,5105384,0,0,0,0
1703841650.4072092,30218.40625,16447.765624999534,3429763.21875,1262.03125,801.3125,1678875758,907179959,0,1762808488,2.29,1.71,0.73,16642998272,13520584704,3122413568,81.2,0,0,16832106496,3155841024,81.3,13676265472,3155841024,1023074627584,513725095936,509349531648,50.2,12691182,3317714,111265304064,81930814976,7671,1562,856957926,5910614791,1987723,5105389,0,0,0,0
1703841651.4101014,30218.5625,16447.984374999534,3429774.875,1262.0625,801.3125,1678884269,907184854,0,1762842841,2.29,1.71,0.73,16642998272,13526114304,3116883968,81.3,0,0,16832106496,3157905408,81.2,13674201088,3157905408,1023074627584,513725177856,509349449728,50.2,12691200,3317730,111265377792,81931081216,7671,1562,857044869,5910619022,1987730,5105411,0,0,0,0
1703841652.4126186,30218.734375,16448.093749999534,3429786.578125,1262.0625,801.34375,1678897354,907191751,0,1762893688,2.1,1.68,0.73,16642998272,13520924672,3122073600,81.2,0,0,16832106496,3160272896,81.2,13671833600,3160272896,1023074627584,513725177856,509349449728,50.2,12691217,3317732,111265447424,81931097600,7671,1562,857044978,5910623256,1987733,5105415,0,0,0,0
1703841653.4139757,30218.921875,16448.234374999534,3429798.375,1262.078125,801.359375,1678906310,907196819,0,1762924188,2.1,1.68,0.73,16642998272,13519872000,3123126272,81.2,0,0,16832106496,3159449600,81.2,13672656896,3159449600,1023074627584,513725333504,509349294080,50.2,12691250,3317750,111265582592,81931380224,7671,1562,857138498,5910627897,1987740,5105438,0,0,0,0
1703841654.416485,30219.046875,16448.328124999534,3429810.15625,1262.078125,801.375,1678915423,907201439,0,1762955338,2.1,1.68,0.73,16642998272,13520302080,3122696192,81.2,0,0,16832106496,3159826432,81.2,13672280064,3159826432,1023074627584,513725296640,509349330944,50.2,12691264,3317766,111265639936,81931519488,7671,1562,857140881,5910632189,1987742,5105443,0,0,0,0
1703841655.4187906,30219.09375,16448.421874999534,3429821.984375,1262.078125,801.390625,1678924190,907206361,0,1762984512,2.1,1.68,0.73,16642998272,13526712320,3116285952,81.3,0,0,16832106496,3162456064,81.2,13669650432,3162456064,1023074627584,513725378560,509349249024,50.2,12691276,3317780,111265717760,81931658752,7671,1562,857229939,5910637098,1987753,5105473,0,0,0,0
1703841656.4212816,30219.203125,16448.5625,3429833.765625,1262.078125,801.40625,1678942262,907215672,0,1763058470,2.1,1.68,0.73,16642998272,13532405760,3110592512,81.3,0,0,16832106496,3172372480,81.2,13659734016,3172372480,1023074627584,513725378560,509349249024,50.2,12691313,3317791,111265869312,81931855360,7671,1562,857236315,5910645247,1987768,5105487,0,0,0,0
1703841657.4250314,30219.515625,16448.65625,3429845.484375,1262.09375,801.40625,1678951337,907220672,0,1763088906,1.93,1.66,0.72,16642998272,13526020096,3116978176,81.3,0,0,16832106496,3161034752,81.2,13671071744,3161034752,1023074627584,513725534208,509349093376,50.2,12691328,3317817,111265930752,81932080640,7671,1562,857325478,5910649331,1987773,5105508,0,0,0,0
1703841658.4269314,30219.734375,16449.25,3429856.65625,1262.109375,801.40625,1678962207,907227552,0,1763132512,1.93,1.66,0.72,16642998272,13527519232,3115479040,81.3,0,0,16832106496,3170885632,81.2,13661220864,3170885632,1023074627584,513725501440,509349126144,50.2,12691361,3317849,111266065920,81932457472,7671,1562,857325621,5910653623,1987778,5105513,0,0,0,0
1703841659.4310162,30219.90625,16449.484375,3429868.421875,1262.125,801.40625,1678981118,907238118,0,1763167510,1.93,1.66,0.72,16642998272,13557620736,3085377536,81.5,0,0,16832106496,3193053184,81.0,13639053312,3193053184,1023074627584,513724370944,509350256640,50.2,12691391,3317879,111266323968,81933411840,7671,1562,857415515,5910658016,1987783,5105539,0,0,0,0
1703841660.4322827,30220.078125,16449.9375,3429879.703125,1262.125,801.40625,1679035432,907267024,0,1763292552,1.93,1.66,0.72,16642998272,13645914112,2997084160,82.0,0,0,16832106496,3253583872,80.7,13578522624,3253583872,1023074627584,513724567552,509350060032,50.2,12691412,3317889,111266463232,81934079488,7671,1562,857415570,5910662170,1987785,5105542,0,0,0,0
1703841661.4330597,30220.671875,16450.15625,3429890.9375,1262.140625,801.40625,1679069188,907286360,0,1763465048,1.93,1.66,0.72,16642998272,13640019968,3002978304,82.0,0,0,16832106496,3228635136,80.8,13603471360,3228635136,1023074627584,513724715008,509349912576,50.2,12691441,3317911,111266643456,81934341632,7671,1562,857415626,5910662236,1987787,5105543,0,0,0,0
1703841662.4349716,30220.890625,16450.40625,3429902.4375,1262.140625,801.40625,1679083252,907294137,0,1763528765,1.78,1.63,0.72,16642998272,13639503872,3003494400,82.0,0,0,16832106496,3275186176,80.5,13556920320,3275186176,1023074627584,513725067264,509349560320,50.2,12691457,3317937,111266708992,81934624256,7671,1562,857504340,5910666573,1987791,5105568,0,0,0,0
1703841663.435103,30220.984375,16450.59375,3429914.21875,1262.15625,801.40625,1679107165,907306820,0,1763617710,1.78,1.63,0.72,16642998272,13643255808,2999742464,82.0,0,0,16832106496,3275673600,80.5,13556432896,3275673600,1023074627584,513725136896,509349490688,50.2,12691471,3317962,111266811392,81934935552,7671,1562,857606551,5910675843,1987804,5105601,0,0,0,0
1703841664.4390347,30221.125,16450.796875,3429925.875,1262.15625,801.421875,1679128407,907317875,0,1763683286,1.78,1.63,0.72,16642998272,13641781248,3001217024,82.0,0,0,16832106496,3277033472,80.5,13555073024,3277033472,1023074627584,513725210624,509349416960,50.2,12691517,3317987,111267012096,81935259136,7671,1562,857614175,5910687106,1987818,5105616,0,0,0,0
